x,y,Podomys_floridanus min
-75.5626393066,35.2290272769,0.0039622313
-75.6043059731,35.2706939434,0.004052861
-75.7293059726,35.8956939409,0.006228488
-76.1043059711,35.6040272754,0.004694716
-76.2293059706,35.6456939419,0.0035622655
-76.5209726361,35.0206939444,0.0064223004
-76.5626393026,34.6040272794,0.013586481
-76.5626393026,34.7290272789,0.012129792
-76.6876393021,34.8540272784,0.011610461
-76.8959726346,25.5206939824,0.060055386
-77.0209726341,35.6873606084,0.0026662762
-77.1459726336,34.6456939459,0.008434434
-77.2709726331,26.3123606459,0.08712879
-77.3126392996,26.5623606449,0.23839496
-77.4793059656,34.9373606114,0.0039678663
-77.6043059651,26.9790273099,0.23945825
-77.7293059646,34.4373606134,0.0067625814
-77.7709726311,25.6873606484,0.16287832
-77.8126392976,34.7706939454,0.0018622184
-77.8543059641,35.1873606104,0.002156466
-77.8543059641,35.3956939429,0.0022006284
-77.8959726306,27.0206939764,0.10066839
-77.9376392971,25.8123606479,0.17598933
-78.1043059631,34.2706939474,0.0075402027
-78.2293059626,34.0623606149,0.010140471
-78.2293059626,34.2706939474,0.01094465
-78.2709726291,26.7290273109,0.09135964
-78.3543059621,33.9373606154,0.01252989
-78.3543059621,35.5623606089,6.3705776E-4
-78.5626392946,26.6456939779,0.09102773
-78.7709726271,33.7706939494,0.028570713
-78.8543059601,26.6456939779,0.10080371
-78.9793059596,35.8123606079,5.687187E-4
-79.0209726261,35.8123606079,7.457991E-4
-79.1876392921,35.6873606084,2.1918397E-4
-79.1876392921,35.8956939409,3.662274E-4
-79.2293059586,34.2706939474,0.0026241757
-79.3543059581,35.1456939439,8.2186406E-4
-79.4376392911,35.6456939419,3.0083556E-4
-79.5626392906,35.2290272769,0.0012899872
-79.5626392906,35.3956939429,3.4215153E-4
-79.6876392901,33.0623606189,0.05369564
-79.6876392901,34.8123606119,0.0015332826
-79.8543059561,33.6040272834,0.01162476
-79.8959726226,35.9373606074,0.0010183373
-79.9376392891,35.2290272769,0.0010518403
-79.9793059556,32.6456939539,0.04835036
-79.9793059556,35.5623606089,0.0010183961
-80.0626392886,26.3540273124,0.26785088
-80.0626392886,26.6873606444,0.28057846
-80.1043059551,25.8956939809,0.20480254
-80.1043059551,26.3956939789,0.2646668
-80.1043059551,26.8123606439,0.2748571
-80.2709726211,25.9373606474,0.26025122
-80.2709726211,26.8540273104,0.15834069
-80.2709726211,27.1040273094,0.15418595
-80.2709726211,32.5623606209,0.0849422
-80.3126392876,26.3956939789,0.16757722
-80.3543059541,26.7290273109,0.16908555
-80.3959726206,26.9790273099,0.107256055
-80.3959726206,27.6040273074,0.28756034
-80.3959726206,27.8123606399,0.2978427
-80.3959726206,32.5623606209,0.021495143
-80.4376392871,26.4373606454,0.17174643
-80.4376392871,26.5623606449,0.11436975
-80.4376392871,27.2290273089,0.23645593
-80.4376392871,34.6040272794,8.9604274E-4
-80.4793059536,27.9373606394,0.3155008
-80.6459726196,25.6040273154,0.26617336
-80.6459726196,28.2706939714,0.1712145
-80.6876392861,26.0206939804,0.18780456
-80.7709726191,25.5206939824,0.10905848
-80.7709726191,25.5623606489,0.11138315
-80.7709726191,27.8123606399,0.35818237
-80.7709726191,32.1456939559,0.10809396
-80.7709726191,33.4373606174,0.0034362483
-80.8126392856,27.1040273094,0.35105062
-80.8126392856,34.7706939454,9.866375E-4
-80.8543059521,26.3540273124,0.3891828
-80.8543059521,34.4373606134,0.0019757422
-80.9376392851,26.5623606449,0.3665607
-81.0209726181,28.7706939694,0.52019405
-81.0209726181,29.2706939674,0.48699012
-81.0209726181,32.3956939549,0.03976194
-81.0626392846,27.2290273089,0.19182739
-81.0626392846,34.6873606124,0.0011420655
-81.1043059511,29.2290273009,0.31716472
-81.1043059511,35.3540272764,3.498067E-4
-81.1459726176,35.5623606089,5.9623295E-4
-81.2293059506,25.9373606474,0.12835154
-81.3126392836,26.3123606459,0.37535396
-81.3126392836,29.7290272989,0.34052768
-81.3126392836,29.9790272979,0.31264868
-81.3126392836,30.0206939644,0.30836496
-81.3126392836,33.6040272834,0.0031648634
-81.3543059501,29.9373606314,0.28240183
-81.3543059501,31.3956939589,0.028569976
-81.3959726166,30.9790272939,0.1642037
-81.3959726166,35.9790272739,1.5566769E-4
-81.4376392831,28.4373606374,0.20381105
-81.4793059496,31.3123606259,0.024583153
-81.4793059496,33.4790272839,0.0031781653
-81.4793059496,34.8540272784,7.878699E-4
-81.5209726161,25.9790273139,0.29066116
-81.5209726161,27.6456939739,0.52027774
-81.5209726161,29.3123606339,0.3384216
-81.5209726161,33.6873606164,0.004971691
-81.5209726161,34.7290272789,0.0034023386
-81.5626392826,34.9373606114,5.8919424E-4
-81.5626392826,35.6456939419,4.204017E-4
-81.5626392826,35.9790272739,2.6126663E-4
-81.6459726156,35.6040272754,1.7361983E-4
-81.7293059486,30.1456939639,0.27737555
-81.7709726151,27.7706939734,0.3741944
-81.7709726151,29.1040273014,0.36524257
-81.8126392816,30.6040272954,0.13194634
-81.8126392816,35.3123606099,2.4698125E-4
-81.8543059481,30.3123606299,0.45185634
-81.8543059481,30.5206939624,0.07270074
-81.8543059481,30.9790272939,0.087522574
-81.8959726146,35.9373606074,1.3671447E-6
-81.9376392811,27.9373606394,0.34383643
-81.9376392811,31.8956939569,0.011932726
-81.9376392811,34.1873606144,9.897745E-4
-81.9793059476,28.8540273024,0.6283606
-81.9793059476,35.0206939444,4.6641374E-4
-81.9793059476,35.9790272739,1.7490604E-5
-82.0209726141,31.7706939574,0.011287312
-82.0209726141,35.4790272759,2.8276867E-5
-82.0209726141,35.8956939409,1.6619182E-5
-82.0626392806,33.5623606169,0.0029248504
-82.1043059471,34.2706939474,6.053151E-4
-82.1459726136,35.4790272759,2.23643E-5
-82.1459726136,35.9790272739,4.464669E-5
-82.1876392801,35.5206939424,6.5597174E-5
-82.1876392801,35.7706939414,3.029147E-5
-82.2293059466,35.7706939414,2.8581868E-5
-82.2293059466,35.8123606079,3.456289E-5
-82.2709726131,26.9373606434,0.3470004
-82.2709726131,35.8956939409,1.1267561E-4
-82.3126392796,27.5623606409,0.53535074
-82.3126392796,34.8123606119,4.0525745E-4
-82.3126392796,35.3123606099,1.0432454E-6
-82.3126392796,35.3540272764,3.542581E-7
-82.3126392796,35.7706939414,5.3671574E-6
-82.3543059461,27.9790273059,0.50515264
-82.3543059461,30.7706939614,0.040921323
-82.3543059461,35.1040272774,6.120681E-5
-82.3543059461,35.2706939434,3.2777127E-5
-82.3543059461,35.3123606099,7.6227884E-6
-82.3543059461,35.3540272764,6.0941848E-6
-82.3959726126,34.6040272794,7.708504E-4
-82.3959726126,35.7290272749,4.0957417E-5
-82.3959726126,35.9373606074,8.014589E-4
-82.4376392791,35.9790272739,3.623103E-4
-82.4793059456,32.0206939564,0.0059054676
-82.4793059456,34.1873606144,0.0064064474
-82.5209726121,35.5206939424,2.2719023E-5
-82.5626392786,29.4790272999,0.6492675
-82.5626392786,30.5206939624,0.041546676
-82.5626392786,35.1873606104,1.6811265E-7
-82.6043059451,35.1456939439,5.699323E-7
-82.6043059451,35.3956939429,1.332341E-4
-82.6459726116,34.7290272789,4.0642105E-4
-82.6459726116,35.2706939434,2.4545352E-5
-82.6459726116,35.4790272759,1.5125965E-4
-82.6459726116,35.9373606074,3.1750492E-4
-82.6876392781,28.7706939694,0.5600582
-82.6876392781,34.8540272784,1.35762E-4
-82.6876392781,34.8956939449,8.799052E-5
-82.6876392781,35.0623606109,2.3690733E-5
-82.6876392781,35.2706939434,4.1944764E-5
-82.6876392781,35.4373606094,9.193851E-5
-82.7293059446,32.3540272884,0.004905161
-82.7709726111,27.9790273059,0.29910934
-82.7709726111,34.8540272784,5.6924913E-5
-82.7709726111,35.0206939444,1.7692105E-6
-82.7709726111,35.8123606079,0.001112596
-82.8126392776,34.3540272804,0.0025000216
-82.8126392776,34.7706939454,4.393979E-5
-82.8126392776,35.3123606099,7.1892628E-6
-82.8543059441,34.0206939484,0.004274286
-82.8543059441,34.4790272799,0.0022466893
-82.8543059441,35.3540272764,1.4345294E-7
-82.8543059441,35.4373606094,5.8960708E-5
-82.8543059441,35.6873606084,2.906548E-4
-82.8543059441,35.8956939409,0.0027215118
-82.8543059441,35.9790272739,0.0015067285
-82.8959726106,34.6873606124,1.7144074E-4
-82.8959726106,35.1456939439,1.4284726E-6
-82.8959726106,35.2290272769,3.6563385E-6
-82.8959726106,35.6456939419,2.7106908E-5
-82.8959726106,35.9373606074,0.002214543
-82.9376392771,29.8956939649,0.5213368
-82.9376392771,34.0206939484,0.006196378
-82.9793059436,32.8956939529,0.016945293
-82.9793059436,34.7290272789,1.1752837E-4
-83.0209726101,34.9790272779,3.9940223E-6
-83.0209726101,35.0623606109,8.7522295E-8
-83.1043059431,29.1873606344,0.5535419
-83.1043059431,30.1456939639,0.0901972
-83.1043059431,33.9790272819,0.001539848
-83.1043059431,34.6873606124,4.9882504E-4
-83.1043059431,35.1873606104,5.742035E-8
-83.1459726096,33.0623606189,0.015883729
-83.1459726096,33.9790272819,0.0014944287
-83.1459726096,35.0623606109,2.93519E-7
-83.1876392761,30.0623606309,0.038605526
-83.1876392761,35.6040272754,3.3996357E-6
-83.2293059426,35.0623606109,2.6418792E-8
-83.2293059426,35.6873606084,1.9703473E-6
-83.2709726091,33.0623606189,0.0019591297
-83.2709726091,34.8123606119,1.9991061E-5
-83.3126392756,32.3540272884,0.018737694
-83.3126392756,34.8540272784,2.7868816E-6
-83.3126392756,35.2706939434,2.7045562E-6
-83.3126392756,35.6456939419,2.4457584E-6
-83.3543059421,29.6456939659,0.31384742
-83.3543059421,34.9790272779,2.2539252E-6
-83.3543059421,35.3540272764,2.9530083E-6
-83.4793059416,32.4373606214,0.02906508
-83.4793059416,34.1040272814,0.0033620875
-83.4793059416,34.8123606119,1.1827867E-6
-83.4793059416,34.8956939449,1.2116004E-6
-83.5209726081,31.8540272904,0.0062140445
-83.5209726081,34.5206939464,1.9675026E-5
-83.5209726081,34.6040272794,8.1554404E-5
-83.5209726081,34.8123606119,1.0405224E-5
-83.5209726081,35.0623606109,7.818728E-7
-83.5626392746,29.9790272979,0.28372318
-83.5626392746,34.4373606134,5.8159065E-5
-83.6043059411,33.1040272854,0.022226999
-83.6043059411,35.4790272759,9.113693E-6
-83.6459726076,31.8540272904,0.027082507
-83.6459726076,35.5206939424,2.2224902E-5
-83.6459726076,35.6873606084,0.0012609478
-83.6876392741,33.0623606189,0.023500454
-83.6876392741,33.2290272849,0.015435987
-83.6876392741,35.0623606109,3.5618455E-6
-83.6876392741,35.3540272764,1.2877476E-4
-83.6876392741,35.4373606094,0.0011065444
-83.7293059406,32.6873606204,0.024672925
-83.7293059406,34.6456939459,1.08147005E-5
-83.7293059406,34.7290272789,1.210008E-5
-83.7293059406,35.1040272774,1.5080582E-5
-83.7293059406,35.6040272754,7.5439515E-4
-83.7709726071,34.7290272789,1.2300974E-5
-83.7709726071,35.0206939444,1.40957E-4
-83.8126392736,31.2290272929,0.014566005
-83.8126392736,33.9790272819,0.0028608681
-83.8126392736,34.8956939449,1.1801583E-6
-83.8126392736,34.9373606114,1.5759428E-5
-83.8543059401,34.5623606129,1.3815612E-4
-83.8959726066,33.0623606189,0.0076951813
-83.8959726066,34.9373606114,2.3106315E-5
-83.9376392731,35.5206939424,1.2211839E-4
-84.0209726061,35.3123606099,5.571583E-7
-84.1043059391,31.3123606259,0.015340832
-84.1459726056,34.1040272814,3.6373944E-4
-84.1459726056,34.6456939459,3.3598476E-6
-84.1459726056,34.6873606124,9.603811E-6
-84.1876392721,30.3956939629,0.011408746
-84.2293059386,33.0623606189,0.01823643
-84.2293059386,34.4373606134,3.8124484E-4
-84.2709726051,32.9373606194,0.04491448
-84.2709726051,33.8123606159,0.006649133
-84.3126392716,34.3123606139,0.0015911579
-84.3543059381,29.9373606314,0.14827898
-84.3543059381,34.9373606114,5.1694683E-4
-84.3959726046,34.7706939454,5.6692335E-4
-84.3959726046,34.8123606119,4.2204905E-4
-84.4376392711,34.3123606139,0.0020659994
-84.4376392711,35.1040272774,3.7570117E-5
-84.4793059376,33.9790272819,0.0015611914
-84.4793059376,34.6456939459,3.4923348E-4
-84.5209726041,32.5206939544,0.05215115
-84.5209726041,35.0206939444,2.1414702E-5
-84.5626392706,34.0623606149,7.037253E-4
-84.6043059371,35.1456939439,9.5613716E-5
-84.6459726036,34.6873606124,7.6281656E-5
-84.6876392701,34.1873606144,0.0061617657
-84.7709726031,31.8956939569,0.08822264
-84.8126392696,31.7706939574,0.07267037
-85.0209726021,33.7706939494,0.005158857
-85.0209726021,35.8956939409,0.0012844604
-85.0209726021,35.9790272739,0.0013387376
-85.0626392686,29.6873606324,0.115266494
-85.0626392686,31.0206939604,0.029221207
-85.0626392686,31.8123606239,0.040107276
-85.0626392686,34.5206939464,2.2707606E-4
-85.1043059351,29.6040272994,0.12446259
-85.1043059351,31.6873606244,0.026840203
-85.1459726016,35.8123606079,2.7407764E-4
-85.2293059346,35.2290272769,6.606912E-4
-85.2709726011,35.2290272769,2.5469664E-4
-85.3126392676,35.7290272749,3.554659E-4
-85.3543059341,29.7290272989,0.12562035
-85.3543059341,35.5623606089,0.0011762431
-85.3959726006,29.8540272984,0.106074095
-85.3959726006,35.8540272744,7.1496685E-4
-85.4376392671,35.1456939439,1.3669331E-4
-85.4376392671,35.4373606094,2.4299251E-4
-85.4793059336,31.7290272909,0.056784905
-85.5209726001,30.4790272959,0.015481941
-85.5626392666,35.2706939434,3.3701293E-5
-85.5626392666,35.5206939424,4.5983802E-4
-85.6043059331,35.4373606094,0.00445208
-85.6459725996,30.1456939639,0.2050448
-85.6459725996,34.4790272799,6.4979534E-4
-85.6876392661,30.5623606289,0.012438162
-85.6876392661,35.1456939439,5.4465083E-4
-85.6876392661,35.3540272764,3.1463013E-4
-85.7293059326,32.6456939539,0.020785347
-85.7709725991,31.0206939604,0.007723433
-85.7709725991,35.6456939419,0.0030681062
-85.8126392656,32.5623606209,0.025887197
-85.8126392656,35.0623606109,0.0052115503
-85.8126392656,35.4373606094,2.2096021E-4
-85.8959725986,30.6873606284,0.0085264575
-85.8959725986,35.3540272764,7.717134E-4
-85.9376392651,31.0623606269,0.021183379
-85.9793059316,30.8123606279,0.0055699595
-86.0209725981,31.1040272934,0.008172486
-86.0209725981,31.2290272929,0.017873788
-86.0209725981,35.6873606084,0.004031399
-86.0626392646,34.4373606134,0.0014616303
-86.0626392646,35.0206939444,9.0827077E-4
-86.1876392641,31.2290272929,0.016674737
-86.1876392641,35.0623606109,0.0023764693
-86.2293059306,30.8540272944,0.0073113646
-86.2293059306,33.3123606179,0.011477638
-86.2709725971,35.8956939409,0.008564941
-86.3126392636,32.3956939549,0.049246766
-86.3126392636,32.4373606214,0.04509227
-86.3126392636,33.1040272854,0.009420358
-86.3543059301,31.1456939599,0.022739718
-86.3543059301,34.8123606119,9.270986E-4
-86.3959725966,30.6873606284,0.0057817455
-86.4793059296,31.2706939594,0.025030462
-86.5209725961,30.8540272944,0.006218728
-86.5626392626,31.0623606269,0.008574444
-86.5626392626,34.1873606144,0.0041448167
-86.7293059286,32.2290272889,0.01369456
-86.7709725951,30.5206939624,0.007998697
-86.8126392616,31.3540272924,0.009647452
-86.8543059281,30.3956939629,0.022766316
-86.8543059281,35.0206939444,0.002178386
-86.8959725946,30.6456939619,0.0035370046
-86.9793059276,30.3540272964,0.11980904
-87.0626392606,30.9373606274,0.005056938
-87.0626392606,32.3123606219,0.041021105
-87.1459725936,33.2290272849,0.004579589
-87.1876392601,30.8956939609,0.0045890217
-87.1876392601,31.1040272934,0.0077572907
-87.3959725926,34.6873606124,0.02089293
-87.4376392591,31.1456939599,0.008528241
-87.4793059256,32.9790272859,0.0036576106
-87.4793059256,33.9373606154,0.0017301302
-87.4793059256,35.7706939414,0.0078052385
-87.6459725916,34.1873606144,0.0017505932
-87.6876392581,32.4373606214,0.028313642
-87.6876392581,33.1873606184,0.007841433
-87.7709725911,30.8123606279,0.007848948
-87.8543059241,30.5623606289,0.0073699635
-87.8543059241,30.8123606279,0.009434641
-87.9376392571,31.1040272934,0.00985877
-87.9376392571,32.6456939539,0.027814303
-87.9376392571,35.1040272774,0.0028732473
-87.9376392571,35.2290272769,0.016124548
-87.9376392571,35.9373606074,0.005640833
-88.0209725901,33.8540272824,0.0018878785
-88.0209725901,34.6873606124,0.0057561737
-88.0209725901,35.4790272759,0.014908475
-88.0626392566,33.6456939499,0.0027446852
-88.1876392561,30.7706939614,0.005926731
-88.1876392561,31.7706939574,0.0050601116
-88.1876392561,33.6873606164,0.0034013044
-88.2293059226,31.1873606264,0.018428301
-88.3126392556,30.8540272944,0.0076499567
-88.3126392556,33.9373606154,0.0011313601
-88.3126392556,34.9373606114,0.003632158
-88.3543059221,33.7706939494,0.0014255521
-88.3543059221,35.5623606089,0.008515949
-88.4793059216,31.6040272914,0.0077343625
-88.4793059216,32.1040272894,0.010148128
-88.5209725881,30.9373606274,0.0043465975
-88.5209725881,34.0623606149,0.0018797019
-88.5626392546,30.3956939629,0.071930714
-88.5626392546,33.9790272819,0.0025150378
-88.6043059211,30.4790272959,0.012232114
-88.6043059211,31.1456939599,0.008394346
-88.6876392541,31.8123606239,0.020872423
-88.7293059206,31.1456939599,0.0059895935
-88.7709725871,30.6456939619,0.0063238116
-88.8543059201,33.6873606164,0.0020136004
-88.9376392531,31.6040272914,0.011333681
-88.9376392531,33.3956939509,0.0031351552
-88.9793059196,29.8123606319,0.20683599
-88.9793059196,35.7290272749,0.0016386273
-89.0626392526,29.0623606349,0.04495482
-89.0626392526,29.1873606344,0.041489474
-89.0626392526,29.5206939664,0.071781434
-89.0626392526,34.5206939464,0.003159406
-89.1043059191,30.7290272949,0.006704404
-89.1043059191,35.1456939439,0.003393462
-89.1459725856,29.2706939674,0.040275663
-89.1876392521,33.6456939499,0.003249598
-89.2293059186,34.8956939449,0.0017210748
-89.2709725851,29.3540273004,0.03756944
-89.2709725851,34.1040272814,0.0039665946
-89.2709725851,34.1456939479,0.0029775468
-89.2709725851,35.9790272739,0.002331747
-89.3126392516,35.1873606104,0.006051353
-89.3543059181,34.4790272799,0.005557345
-89.3959725846,31.1456939599,0.004323726
-89.4376392511,29.6873606324,0.22652793
-89.4376392511,35.0623606109,0.0065618106
-89.4793059176,29.2290273009,0.039335962
-89.4793059176,35.3123606099,0.007317238
-89.5209725841,29.8123606319,0.22729604
-89.5209725841,34.2706939474,0.012310343
-89.5209725841,35.0206939444,0.00518831
-89.5209725841,35.1040272774,0.001483046
-89.5209725841,35.5623606089,0.009567729
-89.5626392506,29.9373606314,0.23505981
-89.5626392506,35.9373606074,0.0025013902
-89.6043059171,30.6456939619,0.0069495365
-89.6043059171,31.6456939579,0.005664154
-89.6459725836,32.5623606209,0.006190954
-89.7709725831,29.6040272994,0.17092969
-89.8126392496,30.2290272969,0.096507646
-89.9376392491,31.0623606269,0.0030377123
-89.9376392491,31.4373606254,0.005603998
-89.9376392491,34.8123606119,0.0038180703
-89.9793059156,33.2706939514,0.003628088
-90.0209725821,30.6040272954,0.0043285196
-90.0209725821,30.7706939614,0.0036608037
-90.0209725821,33.8540272824,0.004273523
-90.0626392486,29.1456939679,0.030976301
-90.1043059151,35.5206939424,0.0037053386
-90.1459725816,30.7290272949,0.0019066124
-90.1876392481,30.8540272944,0.0044738166
-90.2709725811,29.1040273014,0.030976301
-90.2709725811,30.8540272944,0.0023615067
-90.3543059141,30.3540272964,0.003989758
-90.3543059141,33.7706939494,0.0058301
-90.4376392471,33.0623606189,0.0049890666
-90.4793059136,33.6456939499,0.0060365587
-90.4793059136,34.0206939484,0.007452688
-90.5209725801,30.1456939639,0.006397045
-90.5209725801,35.8956939409,0.002087902
-90.6043059131,35.9790272739,0.0017440676
-90.6459725796,33.5206939504,0.008247766
-90.6459725796,34.9373606114,0.0053575323
-90.6459725796,35.1040272774,0.001914726
-90.6876392461,29.3956939669,0.14655373
-90.6876392461,34.7706939454,0.0036652698
-90.7293059126,30.4790272959,0.002879879
-90.7293059126,32.5623606209,0.009191176
-90.7293059126,33.2706939514,0.016592564
-90.7293059126,35.0623606109,0.0025028158
-90.7709725791,32.3956939549,0.014327634
-90.7709725791,34.3123606139,0.017086262
-90.7709725791,35.0623606109,0.0029061793
-90.7709725791,35.6456939419,0.0024776505
-90.8126392456,29.8956939649,0.004109891
-90.8126392456,30.2706939634,0.0021073255
-90.8126392456,34.4790272799,0.014893591
-90.8543059121,30.3123606299,0.0020357256
-90.8959725786,30.9373606274,0.0010579602
-90.8959725786,32.3540272884,0.008482511
-90.9376392451,29.2706939674,0.15764154
-90.9376392451,31.8956939569,0.0150998775
-90.9793059116,29.3123606339,0.14866638
-90.9793059116,30.0623606309,0.0020425015
-90.9793059116,32.2290272889,0.020086756
-90.9793059116,33.2706939514,0.01827606
-91.0209725781,29.8123606319,0.029175343
-91.0209725781,29.9790272979,0.0032256797
-91.1043059111,31.8956939569,0.017791435
-91.1043059111,32.6040272874,0.006654133
-91.1043059111,35.6456939419,0.001664399
-91.2293059106,34.3956939469,0.014024697
-91.3126392436,29.6040272994,0.06476452
-91.3543059101,31.3540272924,0.004017357
-91.3959725766,30.2290272969,0.0011349075
-91.3959725766,31.2290272929,0.0046718265
-91.3959725766,31.6456939579,0.0070063015
-91.4376392431,29.9373606314,0.0029280765
-91.4376392431,30.3123606299,8.66078E-4
-91.4376392431,35.9373606074,0.0017248902
-91.4793059096,30.4373606294,0.0010411552
-91.4793059096,31.5206939584,0.004300912
-91.4793059096,31.5623606249,0.0046696174
-91.4793059096,31.8956939569,0.005806656
-91.4793059096,32.3123606219,0.014031229
-91.4793059096,35.8956939409,0.001018029
-80.0157244020024,26.7799795105426,0.28182277
-80.0263202667412,26.8104589357502,0.27960944
-80.0449964004332,26.7243311586877,0.28057846
-80.0495733941514,26.5373481539859,0.28133276
-80.0513042798064,26.3029044079021,0.27217323
-80.055451530312,26.6140624080015,0.28057846
-80.0557425766169,26.391737351715,0.26463586
-80.0599027225617,26.4184810681209,0.28680962
-80.062632532352,26.2616358540535,0.27188796
-80.0711870030968,26.9640545230238,0.2700207
-80.0733986885347,26.773747908574,0.27701265
-80.0917571067243,26.2278521432865,0.2747809
-80.1179672409653,26.0216071088738,0.24582604
-80.1217671410498,26.3421876709358,0.26659748
-80.1305230290241,26.6579421058193,0.18444619
-80.1430012473558,26.9905280416635,0.17754911
-80.1656179044558,27.1758902293886,0.27709576
-80.1699796157435,27.2344890383804,0.27730998
-80.1717498061501,26.7346248743959,0.16441865
-80.1759659556677,26.1928568050138,0.278872
-80.2136252569665,26.0324590474013,0.2647284
-80.2216764270192,26.6190859734187,0.16535623
-80.2234258415234,26.7853466918606,0.17644274
-80.2244227073773,26.407289994612,0.17025433
-80.2315729658851,26.1031999114518,0.26921424
-80.2445892829169,26.4828206181976,0.16823988
-80.2449127049835,26.8484737367925,0.176795
-80.2556330081082,27.4303052935958,0.30402297
-80.2637780741886,27.0249285570656,0.15339962
-80.2678965660541,26.7084245560313,0.16012822
-80.2684582912308,26.9145049329371,0.15834069
-80.27197648722,27.4876765995745,0.35367355
-80.2733640040111,26.2326048994129,0.27523237
-80.2760898196069,26.5634329391787,0.16620754
-80.285115224544,27.2268603504989,0.16042459
-80.2908478594514,26.698457354298,0.16158704
-80.2926030922914,26.5085052977088,0.16510762
-80.293051311293,26.3218284530798,0.17583841
-80.296679674274,26.2065348325959,0.18277444
-80.3027857850899,27.5506263240079,0.35228875
-80.3059841542351,27.2244833094614,0.15590756
-80.309314852826,26.2533656900894,0.17764534
-80.3100466845208,26.5928088451731,0.16444457
-80.3213670529925,27.0051084618637,0.15372248
-80.322181641679,27.5314231361801,0.35228875
-80.3240570021545,26.7744497394063,0.1602425
-80.3398905681403,27.7231656031971,0.35383284
-80.3420742596804,27.3667947568869,0.16584776
-80.3437599730337,26.3031755352107,0.1714183
-80.3450015017676,26.2115789358499,0.18032154
-80.3481175165037,26.6785257367243,0.17093499
-80.3501033641376,26.8299838498894,0.16756499
-80.3514198373734,26.6388429197673,0.17093499
-80.3625070552278,26.8906818872542,0.1555714
-80.3664927949712,27.0248909895031,0.16337098
-80.3685859389289,26.8497420770198,0.16569567
-80.3838114310849,26.8695676895777,0.10835331
-80.3872085551866,27.1610851258572,0.1234012
-80.3872582651575,27.7680555360158,0.2955437
-80.3881672215269,26.6477620106819,0.11208005
-80.40589206786,27.7263222976621,0.2955437
-80.4084247345943,26.5983923019358,0.15802419
-80.4087452950195,27.310553777802,0.1476115
-80.4103121011224,27.2210343375785,0.12393862
-80.4130685873316,26.5741616751397,0.17407787
-80.41343032971,26.5041616316584,0.17258534
-80.4137119462086,26.1418390448121,0.18385135
-80.4201556971899,26.3839312343114,0.17188425
-80.4232526285347,26.6339921777399,0.13620931
-80.4263824149886,26.5423964230172,0.11436975
-80.4348415573153,27.7231680216704,0.28345522
-80.4378075220616,27.8426189878044,0.29543632
-80.4463406445442,27.120106341691,0.17607109
-80.4486116856108,26.9284493528303,0.1518852
-80.4507858592773,27.1860899591502,0.23563476
-80.4510616445676,26.8537588250832,0.15504521
-80.4581640301184,27.3560446159227,0.28036997
-80.4601454335663,26.7537845429135,0.3164782
-80.4643462947541,26.7078539333111,0.26458275
-80.4783900364814,26.3926357570658,0.17276993
-80.4968538299949,27.8883206811918,0.3155008
-80.4994725506759,26.9586384459537,0.31605303
-80.5145302215139,27.894081690162,0.32029662
-80.5225331528393,27.8480862918477,0.33583748
-80.5301161019923,27.671493852803,0.33283815
-80.5301175912892,28.4855242185168,0.32903183
-80.5304242867487,28.424068582865,0.33099592
-80.5370304451001,27.4968930648016,0.27835062
-80.5373162734501,27.2058478414713,0.34206912
-80.5420546496756,27.010408348366,0.34201846
-80.5431309480158,27.6624543811005,0.34139696
-80.5598725943277,27.1098955487668,0.33843458
-80.5667419243144,28.5410163488947,0.32836947
-80.5781894830824,28.4595765507442,0.32836947
-80.5875992904878,28.5847049979196,0.2635729
-80.5876181724701,28.489920718454,0.33308637
-80.5906529249273,27.4708495770186,0.2904041
-80.5975216915808,28.659235432777,0.25385773
-80.5995678463167,28.1698517272188,0.17076173
-80.6177762093359,28.3081154991972,0.34767872
-80.6305434777778,28.59094711596,0.38040742
-80.6311242075403,27.1409845172536,0.35673156
-80.6328616177972,27.5659950921069,0.33521786
-80.640955221114,27.6968145944032,0.33788967
-80.6456740732187,28.2245820718858,0.16678439
-80.6520640911494,28.3453273616136,0.34730133
-80.6525060325616,28.2700109437956,0.1712145
-80.6531818310925,28.1689021793307,0.17879537
-80.6754068566616,28.2588304393982,0.3423226
-80.7161684061593,28.3656719908138,0.4070063
-80.7229744210946,27.4112811375788,0.35493043
-80.7244629566202,27.9124911423094,0.35489723
-80.7249122131217,28.4342740718667,0.34358022
-80.7269928111627,28.7595262320233,0.33675167
-80.7357524664128,28.1849134679832,0.35127878
-80.7389901199804,27.6370330197673,0.3536013
-80.7424721345498,27.8169266439922,0.35860437
-80.7487626029491,27.6180805552083,0.3515811
-80.7498158440327,27.426184453415,0.35493043
-80.766271572122,28.3797664347277,0.3999267
-80.777318638302,28.750925178474,0.39044413
-80.8032401631624,28.0130293544886,0.3556816
-80.8120701026414,28.9567878430917,0.32629973
-80.828883059615,28.9106623766724,0.3309697
-80.8328881789765,28.205025163617,0.18950607
-80.8357703056682,28.9615949750643,0.32450357
-80.8443823279942,28.6301208941319,0.3240408
-80.8588409341728,28.4745527697377,0.4032564
-80.8743811411032,28.3350246821712,0.37752086
-80.8802748530291,28.7753733039655,0.3175333
-80.886782581765,27.9587519927117,0.43186826
-80.8979387444703,28.3004708602505,0.41691568
-80.9032474508903,28.8863354226718,0.31427664
-80.9062387106844,28.2293053270673,0.41600913
-80.9154550323431,28.0673652429964,0.4264007
-80.9239326906464,28.5851780993213,0.32485816
-80.9610273649396,28.8097142571635,0.43688694
-80.966690789695,27.9785022720332,0.40380725
-81.0059851503594,28.7899592409332,0.52019405
-81.02658460147,29.0979517039669,0.5016431
-81.0342207332128,28.3737008235942,0.45834097
-81.0443465768502,28.4449399497419,0.5238771
-81.0480894667876,27.8224561275459,0.4072442
-81.0573459679067,28.7153665035446,0.50024134
-81.0627828905849,27.1693606262761,0.19109361
-81.0636026078244,29.1717473047944,0.48499957
-81.0857974423628,29.4974226765982,0.3052453
-81.1203736535779,28.1646832589195,0.5068058
-81.1241551912151,26.8039139171407,0.35709465
-81.1276116273825,28.8572952448956,0.36096296
-81.1367024478809,28.2696426140283,0.49778214
-81.1558432052095,26.9946647862505,0.3646574
-81.1624343475182,29.2416202795494,0.31552526
-81.1734207900401,28.8908797722071,0.3682845
-81.1887561326318,29.2674725285714,0.30602366
-81.1890540602823,27.301175683116,0.35914654
-81.2014479061111,29.5176205612022,0.33312348
-81.2017734853583,29.0658422171345,0.33572188
-81.204893164625,29.2428409282046,0.30602366
-81.2150657999212,26.7435646787837,0.36553553
-81.2223411992351,27.2460355398348,0.19597556
-81.2269466239701,29.0307354188764,0.33423018
-81.2409661941762,26.7650702700645,0.36145642
-81.2467513180445,29.6428786121136,0.34590924
-81.2538751857637,27.9036267974723,0.28238618
-81.2551565202603,27.9692348503327,0.5135522
-81.2579942558758,28.2840026552859,0.25757864
-81.2727406773371,29.0827530247741,0.31560093
-81.2828790174417,27.6973602857336,0.5570327
-81.28647948927,27.6508491323364,0.5564077
-81.2887349983695,28.5651079485192,0.20199911
-81.3005681874474,29.5025765933477,0.32318795
-81.3090964119065,29.8797619446113,0.2909898
-81.3119605638203,29.5786221958605,0.33844683
-81.3131573905733,27.5178176363821,0.54699403
-81.3142092611177,27.7218686571255,0.5442588
-81.3191485224006,29.9788375181903,0.31264868
-81.3200748183952,27.9031302407348,0.5205512
-81.3259353570861,27.1559630183296,0.36582848
-81.3332523625996,27.0939919075055,0.5302494
-81.3350635023893,27.1616946899441,0.5960744
-81.3353135333783,27.5817231736276,0.30181316
-81.355354300228,28.9060583497351,0.2183848
-81.3565089407296,29.1830554000888,0.3300352
-81.3579464508459,28.0073328689885,0.49126112
-81.367248989478,29.5283313846673,0.28372228
-81.3680671569038,30.0943616368269,0.33933035
-81.3715471551848,29.3237051708895,0.30579346
-81.3721793933145,27.0592490595933,0.54389924
-81.3747499154558,27.9137509443985,0.50135666
-81.3775297607996,29.5331775992734,0.28456354
-81.381578782628,28.1730079529582,0.25465673
-81.3842203192042,27.274695201455,0.5729738
-81.3892260642386,26.9999404355789,0.3683321
-81.3916722414772,30.4207218884357,0.19780853
-81.4058586797226,27.3316782559789,0.3574386
-81.4071183548169,29.0456233960152,0.19991216
-81.4082137329377,28.6394526810241,0.20983677
-81.411246767374,29.67404625344,0.31530857
-81.419501487897,27.5617857601257,0.541263
-81.4212142581173,26.8030859403593,0.37141365
-81.4214798267245,30.4223345459367,0.19669221
-81.4227201368787,28.1030711925565,0.25128886
-81.4233837773976,28.9675389362084,0.37300208
-81.4234674601175,30.9627422488236,0.16930398
-81.4303152533056,29.9049114553379,0.29201773
-81.4308158826981,29.447603648896,0.31169423
-81.4395549232671,30.0100094444641,0.31764388
-81.4473331073488,27.0450401812648,0.47850275
-81.4492512433895,29.1718285004903,0.33563787
-81.4549274919999,29.6289437545385,0.27466208
-81.4558532172046,29.6795255059579,0.2751452
-81.4563421972882,30.6664852981774,0.1801796
-81.4566541145486,30.9124805210954,0.1642037
-81.4585572291307,29.582622865919,0.2795353
-81.463077873129,29.1976625390168,0.34867156
-81.4741637096123,29.2884631796323,0.33036554
-81.4863329050559,27.4407710931349,0.5577723
-81.4915288811103,30.124395468992,0.35087115
-81.4953591259902,29.6980501145508,0.28141984
-81.4976347961686,28.2330156367515,0.36318648
-81.4993975177211,28.6455366106743,0.38363114
-81.5022501009367,30.7164036806369,0.17910627
-81.5049666987318,29.2329094131874,0.35775766
-81.5053991168546,27.7937345912651,0.31481627
-81.507585591466,27.5326510961754,0.55104035
-81.5075938395048,30.6672574873415,0.075730875
-81.5076543297273,30.4068518470617,0.090129815
-81.5115420713228,27.7633104929314,0.5245479
-81.5121510162506,29.7130999459092,0.28611714
-81.5171765839087,29.3786621202478,0.3018793
-81.5270475186274,27.8489207119334,0.5127554
-81.5350981634939,29.6389048204666,0.26925588
-81.5368617249834,29.0715972331103,0.36602294
-81.5424152295243,28.8372497589324,0.3890919
-81.5481580427322,28.6656698878557,0.22030771
-81.5503920369322,28.9720479154139,0.37874308
-81.5506732820093,27.8872192746326,0.3635248
-81.5756676580656,29.7632559035529,0.29162166
-81.5762052209829,28.9412040995058,0.38851324
-81.5803926120958,30.6157510795563,0.19564126
-81.582454631838,29.1024732824946,0.3655119
-81.5831036094472,29.8137061244212,0.30062222
-81.5878384398999,27.4359993978248,0.535136
-81.5886543293468,27.6972743249443,0.52770734
-81.5894168460975,26.999842312028,0.35747063
-81.589984100369,27.2213745525619,0.5786313
-81.5927993075248,29.3424839360147,0.35542536
-81.6097838379436,30.4003083555677,0.08835486
-81.6109234863423,30.9692346411268,0.0711692
-81.6128997630425,29.8645668343128,0.3085691
-81.6131908021261,28.5794618655364,0.20102046
-81.6155821354247,30.5053278090225,0.24525368
-81.6182351237469,27.4802897210979,0.5193612
-81.6195285175916,29.5134647038045,0.27878064
-81.6267601352369,30.7868241881128,0.029191019
-81.6272528679183,30.8878501683265,0.114304386
-81.6276114944215,30.4971259862985,0.25314593
-81.6318337971195,27.4918576003712,0.52018136
-81.6322173874366,30.0506803882927,0.20416324
-81.6348998713552,30.3520276271565,0.27312136
-81.6373370942889,27.570741505789,0.52109003
-81.6400832226876,30.7275262053317,0.122728534
-81.6408553505596,28.5710330333172,0.1873769
-81.6417695619316,28.8308450095021,0.39847684
-81.6448718889359,30.9384051770979,0.109085076
-81.6470951706225,28.8559029402535,0.3768935
-81.6524291206,30.1295706777785,0.2074034
-81.6524670053628,29.5120559654508,0.16243349
-81.653498768124,29.7085011819,0.28628308
-81.6608548166986,28.2284492099335,0.34889412
-81.6645958240185,29.252627431839,0.33318233
-81.6649094227228,29.4035199839064,0.3446497
-81.6650010389662,30.2107878565528,0.095029905
-81.6805264019071,28.6697149062597,0.21131052
-81.6841618968568,30.0603535998946,0.2044697
-81.6904409225368,29.7429991494165,0.31097353
-81.6967512645793,28.7108531341017,0.2212883
-81.6973846262356,28.9818944099071,0.38740373
-81.6989741053009,28.9359119952871,0.22378935
-81.7032870820308,30.0153988372104,0.20510961
-81.703679924685,30.7870416362409,0.07313123
-81.7056722513172,30.2809688998672,0.27224287
-81.7061953962968,27.7813971989504,0.363802
-81.7085527055916,29.464318001937,0.33050743
-81.7118110250951,28.811340605739,0.223955
-81.7196289435908,30.535676631775,0.23877542
-81.7208613168462,30.877907546022,0.111443914
-81.7242277376034,29.1020594434656,0.36579007
-81.7295440517289,28.5200656703037,0.35921693
-81.7298951308081,28.6206651635781,0.3491684
-81.7300235376435,30.6279978273206,0.2793938
-81.7313399905501,29.1411046216464,0.36094347
-81.7372332414172,29.6496974642816,0.28955284
-81.7376837842367,29.3385386799523,0.35119078
-81.7416615868459,28.9215440569628,0.22906911
-81.7425985041467,29.7486703940264,0.20418417
-81.743598776922,30.6921580781245,0.077440284
-81.7455581786665,29.8885995561503,0.2427803
-81.7475401109113,30.1356596820747,0.27737555
-81.7481177541543,30.94718599001,0.10014537
-81.7502447173316,28.7655751160616,0.3065856
-81.7530915151777,30.5174621574212,0.13552006
-81.7541010897397,30.9485554728772,0.09785711
-81.7557350897062,28.8668430601753,0.39780724
-81.7571285399801,28.9964135936164,0.517138
-81.7602669002908,29.3530181347526,0.18837477
-81.7616491090191,30.5917236820185,0.41769704
-81.7627775763889,27.7525926014075,0.3741944
-81.764728426411,28.7451672722256,0.2143197
-81.7675070421078,29.0276757770314,0.5291353
-81.7676962134934,29.1160357450175,0.36524257
-81.7742623538412,29.0718206488979,0.38025624
-81.7795716913325,29.2728682458215,0.3276178
-81.7827600357065,28.9269722852842,0.4137316
-81.7829229095513,28.4959514377361,0.36466897
-81.7893129475759,30.1612129174616,0.2777429
-81.7899786829532,27.6014116582447,0.5132067
-81.7917743878697,30.3659870502027,0.2542206
-81.7954640073854,29.3064731344946,0.2788379
-81.8024596475438,28.686477961652,0.3641275
-81.8028469556871,30.0458456364251,0.46790972
-81.8032911055348,30.1348532529731,0.4867401
-81.805127842015,30.3773123264156,0.13664791
-81.8057923644638,29.0923224065326,0.60721874
-81.8063034263908,29.9450170742455,0.46847412
-81.8067832710897,27.9388586133378,0.37036625
-81.809322562895,29.2683457544289,0.44943035
-81.8099193990251,30.8728757753896,0.102975614
-81.8126170125635,29.1882364565739,0.5844988
-81.8127654906051,30.2395607922336,0.26141042
-81.8153636733697,28.4796098771325,0.35406986
-81.8162195918874,30.0147672402323,0.4480361
-81.8171071031361,28.5996556651338,0.50187683
-81.8181229681599,28.7916065389145,0.28700352
-81.822349907191,29.9652756039249,0.57137775
-81.8243177400947,29.0673077061839,0.60146403
-81.8258696821143,30.3058801770466,0.15394847
-81.8295932841116,29.8654325990701,0.2517283
-81.8356622236521,27.9482597026705,0.35034502
-81.8358676515592,27.832455416913,0.3427239
-81.8362190489998,28.5111379337114,0.4913921
-81.836624832932,30.7463385578911,0.11171521
-81.8377801117262,29.1378100992426,0.40042597
-81.8392494067205,29.7839980716842,0.54541767
-81.8398201575507,28.7604439619932,0.29270843
-81.8404396153883,27.7311408380935,0.20262423
-81.8434254668858,27.7669752211265,0.35424626
-81.8435587936439,30.1694016100707,0.60574186
-81.8445419516721,30.4317444329453,0.29632208
-81.8453868519523,30.1643755913509,0.46375296
-81.8457298202742,30.3605571660321,0.08867432
-81.8464413134209,28.9573485819532,0.37451085
-81.8478735432602,29.6586432434387,0.4340471
-81.8478890530928,28.289955476397,0.57528365
-81.8523230795758,28.0388561039711,0.369535
-81.8620061676092,29.3636795165998,0.27571392
-81.8661012840922,28.3596422892039,0.4944574
-81.866706721394,28.4344858341885,0.51836723
-81.8669971567214,28.3104307505443,0.5600497
-81.8684366061261,30.461841030245,0.032541864
-81.8687009360598,28.7361989991354,0.5205278
-81.8697538824865,28.8519349512068,0.22422269
-81.8728012156321,30.9117980986482,0.099742435
-81.8768119869275,27.6114406107768,0.50548667
-81.8768261612279,30.1599026488189,0.67357916
-81.8787570425536,27.3472289798166,0.54341227
-81.8829524841423,30.5257850473587,0.11500879
-81.8851272947668,28.4551133946626,0.59231526
-81.8872625188555,29.6289813934737,0.65220606
-81.8877940749006,27.5472948253409,0.50855255
-81.8887018714017,30.6881460617703,0.108359866
-81.8908339247497,28.735112864981,0.58055943
-81.8909907569506,29.6681619619606,0.65655375
-81.8948438543027,28.8271324034061,0.53019446
-81.8978658743474,27.9041264630537,0.18700044
-81.903437807033,28.9468161928137,0.60664606
-81.9045140927359,30.2353886564098,0.4646903
-81.91142306954,29.5188072958118,0.5449741
-81.9125187693974,28.8768451836607,0.5681915
-81.9149856491489,29.4288015062264,0.66252625
-81.921288420063,29.2112674506531,0.68130964
-81.9296257677528,27.7417160628205,0.27281582
-81.9309461509617,27.9477844071915,0.34383643
-81.9315013221807,27.9723304084936,0.33766222
-81.93395256565,27.2398379207734,0.43329188
-81.9345689297469,29.8096923745763,0.6330363
-81.9425416919408,28.2434715845824,0.57197535
-81.9438129359687,30.05564940271,0.4820563
-81.9466454333001,30.2500644071144,0.4511661
-81.9502816270594,28.5890816669467,0.59537506
-81.9507025568592,29.4643303791094,0.62003356
-81.952883624744,28.524951422743,0.5840979
-81.9602665913341,29.8401924557351,0.48965833
-81.9926674394233,30.0495844705281,0.44169685
-81.996736022185,29.7395630895902,0.624506
-81.9974281429349,28.9120870021718,0.43020123
-82.0070784855904,30.6024160607633,0.1114505
-82.0092673698109,29.5836819650024,0.66688085
-82.0336214407785,29.8136755509946,0.6768838
-82.0341083131311,27.3520050686975,0.5502082
-82.0392649661454,27.8188689766461,0.35879418
-82.0402580080527,28.1883814592783,0.54986334
-82.0440877627534,28.0142868534269,0.5407627
-82.0465451903289,30.1304270228828,0.058755167
-82.0492709585157,27.7366687304967,0.36475542
-82.0569381065483,28.7660929368117,0.5881828
-82.0589637820794,29.2171289891615,0.67629284
-82.0650355557108,29.1274240014415,0.6757948
-82.0666885751764,27.5670195640729,0.51426667
-82.0700239502881,29.1783566721142,0.68670917
-82.083610835265,30.4963029953034,0.04619716
-82.084044739074,28.5458898193258,0.58539283
-82.0844436308287,30.0743059571682,0.13225998
-82.0907461583408,28.2590995573332,0.38572574
-82.1014082968662,29.6344725631401,0.6684962
-82.1040735877031,28.1333545323378,0.537776
-82.1063740934404,30.3254184780922,0.052261937
-82.118149674031,27.2757688562375,0.4186203
-82.1261513079713,30.3405568444122,0.11557152
-82.1261988002449,28.4336624682591,0.57097286
-82.140309662917,28.6157077980189,0.58539283
-82.1423057658516,27.3368581622055,0.34321007
-82.1489332304722,27.2358875218757,0.35247922
-82.1694855388316,27.3014288466818,0.41423774
-82.170122821293,27.7616315987545,0.3444438
-82.1749876339045,28.6351992229553,0.6084902
-82.1813459256687,30.3602042286711,0.11557152
-82.1819599953035,30.2464046537305,0.116497256
-82.1820871359148,28.8771418768834,0.623288
-82.1834239108863,29.7238356909135,0.38062257
-82.1886774513944,28.8252702726133,0.6224647
-82.1971385768077,29.5879572423486,0.6611615
-82.2041990725693,29.472083385524,0.392079
-82.205765622633,28.3286107198915,0.32764432
-82.2117247372476,29.6748806498851,0.3910288
-82.2118605560308,27.542255756035,0.30333892
-82.2205564753583,29.6231455426468,0.3768996
-82.2433520304901,27.6079581894844,0.511834
-82.2517487082988,28.2182253811852,0.5498078
-82.2576463028828,28.3447663068163,0.33578065
-82.2617803725544,27.7271956551276,0.52049434
-82.2637433733673,28.4547528334861,0.32570013
-82.273484828979,29.4240035148813,0.45935526
-82.2737524669349,27.2654675410077,0.35464543
-82.2966827721889,28.3949132009015,0.4073621
-82.3073134918419,27.7414836954802,0.593353
-82.309096917948,28.2600301348158,0.40446636
-82.3125865162832,27.4151973425245,0.18826994
-82.3196470084342,30.2005499208727,0.111233585
-82.3223510731851,27.2862028913738,0.17906274
-82.3239150982573,30.3973098290654,0.09777272
-82.328995467627,29.8182236154834,0.40557662
-82.3311904409004,30.2252218563251,0.105531886
-82.3339680687821,29.5585978991315,0.6116558
-82.3384950782017,29.9340919224088,0.40505782
-82.3388884954917,29.7387245869768,0.42076716
-82.3572134329169,27.2869064104506,0.18235344
-82.3610320375144,30.3212063917173,0.09689974
-82.365293676125,28.2435709058728,0.5501871
-82.3757724211777,28.7897340127198,0.59921116
-82.3779682691598,28.9016542414542,0.59921116
-82.39621544267,27.8277782052113,0.32167748
-82.4108052769024,27.837217792983,0.3541455
-82.4254315836008,27.7232306993548,0.5944529
-82.4315218221892,27.9874894918558,0.53026026
-82.431753282336,28.1079043723167,0.5083064
-82.4330865589435,27.9492926496385,0.51629263
-82.4334057856419,28.7463544224288,0.6218579
-82.4441306153687,27.7869121696729,0.34983808
-82.4493723180315,28.294491115048,0.54266053
-82.45105351585,28.6213472893129,0.59093153
-82.4628205591609,30.0953840604113,0.10462665
-82.4636252732302,27.7069932461668,0.5294469
-82.4688284268571,28.9870399516756,0.59979033
-82.4692694700915,29.1258109607046,0.4019609
-82.4764550937866,27.8172368039747,0.34388
-82.5118281844468,28.9723840539069,0.37325844
-82.5150548965416,27.3461022097454,0.2085599
-82.5158943447268,28.1230776339009,0.51286477
-82.5167564473506,30.201734688367,0.07421745
-82.518282000387,29.7045903873395,0.643105
-82.5231317438955,28.5762046982416,0.612778
-82.5260595899744,29.44755392764,0.66347796
-82.5263090903611,29.2285182465248,0.58133715
-82.530704710741,27.4376027380116,0.19816439
-82.5344963426928,27.7068847906413,0.44254306
-82.5415264679139,28.6010257972453,0.622571
-82.5446071136167,27.4809352054825,0.15632759
-82.5545190069805,30.2002118381331,0.034207255
-82.558986307403,27.9376044645727,0.17240405
-82.5671372044564,28.9374287999696,0.6218985
-82.5726032059414,29.6485896953806,0.6405042
-82.5773892356618,29.9936944184933,0.111306444
-82.5775820828806,27.5815472316,0.33935493
-82.5806518365601,27.4253824174999,0.19906886
-82.588364123928,27.556218013764,0.33764756
-82.5967459082976,27.4967993064402,0.19338624
-82.5978219194375,29.6492475563039,0.62861085
-82.6217607218011,27.3466367813128,0.16741125
-82.6264251415752,27.7579706253174,0.23309653
-82.6270216101296,27.5769146100325,0.18565667
-82.6356371619807,30.2213741600756,0.06775426
-82.6433257571747,29.8148854624996,0.60508364
-82.6557351437618,29.5484962671711,0.6462828
-82.6592553578448,28.1178755212884,0.5049123
-82.6606269565694,27.7422748822194,0.275421
-82.6613265680725,27.8634180160442,0.30221274
-82.6668377454698,29.7783752351721,0.601842
-82.6718711001079,28.2246450196398,0.49188673
-82.6798106192881,27.9320317838978,0.30221274
-82.6847174406818,29.6224476876668,0.4464348
-82.6901215432581,30.2361616004704,0.038955037
-82.7036562465681,28.7664125704359,0.5600582
-82.7043837894115,27.766592857042,0.08747797
-82.7078324713299,28.6413093817487,0.51728076
-82.7156228646785,28.2183829775064,0.48970357
-82.7262530264142,27.9731946533141,0.15395384
-82.7317234612534,29.3576663741825,0.5639318
-82.7330974950969,28.3555718343012,0.49762067
-82.7358149364396,27.6715210624601,0.40940133
-82.74161569659,27.537050499415,0.20140472
-82.7634894748727,27.7229949830112,0.18595067
-82.7670029338243,28.2543593870395,0.3233519
-82.7757170801229,28.0744934248006,0.29352927
-82.7933509726804,27.9019359852014,0.17449646
-82.8098819195993,29.6684199534617,0.43516138
-82.8193490665804,30.2308076632651,0.03189128
-82.8266927742579,29.9650391120038,0.19173671
-82.8324895054421,27.8325277395273,0.18522492
-82.8454347150265,29.547893359712,0.3455363
-82.8517489817201,27.9528587488659,0.17789358
-82.8605015158332,30.1240334603072,0.09412245
-82.8696249534546,30.0790910954773,0.0795658
-82.8929915594895,29.7540426191469,0.3597257
-82.9149406846213,30.2063108499833,0.032274272
-82.9204664700627,30.1004189577255,0.04208649
-82.9257811849249,29.9501902175678,0.5254746
-82.9257905070407,29.7628338069926,0.55552846
-82.9289216511612,30.1254649948214,0.042268783
-82.9294876337928,29.251635067461,0.5848801
-82.9333370279967,29.728534215903,0.6260289
-83.0027097092157,29.8540794652934,0.33939046
-83.0192219974605,30.1155303912567,0.03563806
-83.0421287295336,29.2483503017271,0.59737986
-83.0664478232187,30.0349801110659,0.06169715
-83.0747648179179,29.3777156511511,0.54357123
-83.0764965782815,29.63329358643,0.3575362
-83.0924667679804,29.9758119815812,0.051779043
-83.0937584200998,29.0959231781424,0.28126213
-83.1002646556928,29.2131189477592,0.5459413
-83.1029725755514,29.5184421936733,0.34200907
-83.1219458299233,30.0055537341707,0.048891325
-83.1558579269236,29.5741305483042,0.33037412
-83.1771961073224,29.6027818631678,0.32265168
-83.1994454728553,29.2713986639647,0.55096257
-83.251243756703,30.0237116666253,0.05071865
-83.2975252970108,29.4430509125385,0.5601636
-83.3106925732774,29.7199992187443,0.30491287
-83.3400918550169,29.9639270344091,0.3934821
-83.3432186922329,29.662629734757,0.31384742
-83.3841170338864,29.693625115228,0.31858867
-83.4478765656949,30.1606524444934,0.056263898
-83.5036014201531,30.1309836756956,0.04819531
-83.55825002368,29.9891209155411,0.28372318
-83.5995975157145,29.9344983370469,0.3747582
-83.6237681823775,29.8694095671943,0.32378656
-83.6385495630682,30.0995823243289,0.06245352
-83.697055784898,30.1304964405024,0.058222525
-83.7836939162657,30.0601083489431,0.23149487
-83.7838226231739,30.1056521186082,0.046255514
-83.7865287773673,29.9286183231477,0.3464768
-83.7979649044831,30.1146491758935,0.046255514
-83.8069832706993,30.1402673801706,0.044506464
-83.8194155262419,30.0346208646071,0.27050817
-83.894907499111,30.0751788710557,0.046578635
