x,y,Podomys_floridanus median
-75.5626393066,35.2290272769,0.004983267
-75.6043059731,35.2706939434,0.0051018693
-75.7293059726,35.8956939409,0.006919796
-76.1043059711,35.6040272754,0.0052362443
-76.2293059706,35.6456939419,0.0044910447
-76.5209726361,35.0206939444,0.010763921
-76.5626393026,34.6040272794,0.015385432
-76.5626393026,34.7290272789,0.014173944
-76.6876393021,34.8540272784,0.016862275
-76.8959726346,25.5206939824,0.089524865
-77.0209726341,35.6873606084,0.0036156448
-77.1459726336,34.6456939459,0.0120452745
-77.2709726331,26.3123606459,0.10385159
-77.3126392996,26.5623606449,0.24356508
-77.4793059656,34.9373606114,0.00589565
-77.6043059651,26.9790273099,0.25433967
-77.7293059646,34.4373606134,0.009176912
-77.7709726311,25.6873606484,0.19384238
-77.8126392976,34.7706939454,0.0023011672
-77.8543059641,35.1873606104,0.0032140934
-77.8543059641,35.3956939429,0.0030972501
-77.8959726306,27.0206939764,0.12456751
-77.9376392971,25.8123606479,0.19116688
-78.1043059631,34.2706939474,0.010564396
-78.2293059626,34.0623606149,0.0136747155
-78.2293059626,34.2706939474,0.013116566
-78.2709726291,26.7290273109,0.09769496
-78.3543059621,33.9373606154,0.018829294
-78.3543059621,35.5623606089,8.7421096E-4
-78.5626392946,26.6456939779,0.09860652
-78.7709726271,33.7706939494,0.044742778
-78.8543059601,26.6456939779,0.1058154
-78.9793059596,35.8123606079,7.750168E-4
-79.0209726261,35.8123606079,7.6727493E-4
-79.1876392921,35.6873606084,4.439771E-4
-79.1876392921,35.8956939409,5.0366286E-4
-79.2293059586,34.2706939474,0.0039959536
-79.3543059581,35.1456939439,9.105429E-4
-79.4376392911,35.6456939419,4.0777514E-4
-79.5626392906,35.2290272769,0.0016633837
-79.5626392906,35.3956939429,5.992097E-4
-79.6876392901,33.0623606189,0.07860714
-79.6876392901,34.8123606119,0.0021757344
-79.8543059561,33.6040272834,0.01468883
-79.8959726226,35.9373606074,0.0012990019
-79.9376392891,35.2290272769,0.0016506903
-79.9793059556,32.6456939539,0.055922873
-79.9793059556,35.5623606089,0.0012807809
-80.0626392886,26.3540273124,0.2734369
-80.0626392886,26.6873606444,0.39151073
-80.1043059551,25.8956939809,0.23393987
-80.1043059551,26.3956939789,0.27527285
-80.1043059551,26.8123606439,0.39223713
-80.2709726211,25.9373606474,0.27599952
-80.2709726211,26.8540273104,0.17969322
-80.2709726211,27.1040273094,0.17402668
-80.2709726211,32.5623606209,0.10892489
-80.3126392876,26.3956939789,0.18362287
-80.3543059541,26.7290273109,0.19373988
-80.3959726206,26.9790273099,0.15548632
-80.3959726206,27.6040273074,0.45428476
-80.3959726206,27.8123606399,0.44567195
-80.3959726206,32.5623606209,0.035089217
-80.4376392871,26.4373606454,0.19741917
-80.4376392871,26.5623606449,0.14973877
-80.4376392871,27.2290273089,0.29159477
-80.4376392871,34.6040272794,0.0014431974
-80.4793059536,27.9373606394,0.3740635
-80.6459726196,25.6040273154,0.28223068
-80.6459726196,28.2706939714,0.26009458
-80.6876392861,26.0206939804,0.19916308
-80.7709726191,25.5206939824,0.20162241
-80.7709726191,25.5623606489,0.21195777
-80.7709726191,27.8123606399,0.3923583
-80.7709726191,32.1456939559,0.124228485
-80.7709726191,33.4373606174,0.0039231963
-80.8126392856,27.1040273094,0.3807905
-80.8126392856,34.7706939454,0.0016258843
-80.8543059521,26.3540273124,0.3918602
-80.8543059521,34.4373606134,0.002789435
-80.9376392851,26.5623606449,0.40263876
-81.0209726181,28.7706939694,0.54141915
-81.0209726181,29.2706939674,0.50342965
-81.0209726181,32.3956939549,0.0514825
-81.0626392846,27.2290273089,0.30862245
-81.0626392846,34.6873606124,0.0019540212
-81.1043059511,29.2290273009,0.40997466
-81.1043059511,35.3540272764,5.27041E-4
-81.1459726176,35.5623606089,8.225151E-4
-81.2293059506,25.9373606474,0.16687275
-81.3126392836,26.3123606459,0.40746754
-81.3126392836,29.7290272989,0.411548
-81.3126392836,29.9790272979,0.36693546
-81.3126392836,30.0206939644,0.36635178
-81.3126392836,33.6040272834,0.004354005
-81.3543059501,29.9373606314,0.3728791
-81.3543059501,31.3956939589,0.035281364
-81.3959726166,30.9790272939,0.18640883
-81.3959726166,35.9790272739,2.782024E-4
-81.4376392831,28.4373606374,0.3120899
-81.4793059496,31.3123606259,0.031113354
-81.4793059496,33.4790272839,0.0035346728
-81.4793059496,34.8540272784,0.0012667882
-81.5209726161,25.9790273139,0.29541793
-81.5209726161,27.6456939739,0.55843127
-81.5209726161,29.3123606339,0.40851903
-81.5209726161,33.6873606164,0.0063235415
-81.5209726161,34.7290272789,0.0065936544
-81.5626392826,34.9373606114,0.001010997
-81.5626392826,35.6456939419,5.5512955E-4
-81.5626392826,35.9790272739,3.4988992E-4
-81.6459726156,35.6040272754,3.0380586E-4
-81.7293059486,30.1456939639,0.3062287
-81.7709726151,27.7706939734,0.40133157
-81.7709726151,29.1040273014,0.41818318
-81.8126392816,30.6040272954,0.15491603
-81.8126392816,35.3123606099,3.791653E-4
-81.8543059481,30.3123606299,0.58888054
-81.8543059481,30.5206939624,0.10045751
-81.8543059481,30.9790272939,0.09414218
-81.8959726146,35.9373606074,3.3410297E-6
-81.9376392811,27.9373606394,0.37678617
-81.9376392811,31.8956939569,0.023356918
-81.9376392811,34.1873606144,0.0017999534
-81.9793059476,28.8540273024,0.66559416
-81.9793059476,35.0206939444,6.190709E-4
-81.9793059476,35.9790272739,6.369601E-5
-82.0209726141,31.7706939574,0.018462958
-82.0209726141,35.4790272759,3.9557402E-5
-82.0209726141,35.8956939409,4.2825657E-5
-82.0626392806,33.5623606169,0.0037965325
-82.1043059471,34.2706939474,0.0011290549
-82.1459726136,35.4790272759,3.9903887E-5
-82.1459726136,35.9790272739,1.5888766E-4
-82.1876392801,35.5206939424,9.641887E-5
-82.1876392801,35.7706939414,7.964817E-5
-82.2293059466,35.7706939414,9.254504E-5
-82.2293059466,35.8123606079,1.15942465E-4
-82.2709726131,26.9373606434,0.37859833
-82.2709726131,35.8956939409,2.7670836E-4
-82.3126392796,27.5623606409,0.5550102
-82.3126392796,34.8123606119,5.615082E-4
-82.3126392796,35.3123606099,1.6625085E-6
-82.3126392796,35.3540272764,5.23762E-7
-82.3126392796,35.7706939414,1.9779027E-5
-82.3543059461,27.9790273059,0.5211996
-82.3543059461,30.7706939614,0.050525684
-82.3543059461,35.1040272774,9.032803E-5
-82.3543059461,35.2706939434,5.3022897E-5
-82.3543059461,35.3123606099,1.1267143E-5
-82.3543059461,35.3540272764,1.1663015E-5
-82.3959726126,34.6040272794,0.0014918351
-82.3959726126,35.7290272749,1.5047067E-4
-82.3959726126,35.9373606074,9.362579E-4
-82.4376392791,35.9790272739,5.1648106E-4
-82.4793059456,32.0206939564,0.0065856106
-82.4793059456,34.1873606144,0.01173611
-82.5209726121,35.5206939424,6.1377956E-5
-82.5626392786,29.4790272999,0.66004944
-82.5626392786,30.5206939624,0.06316359
-82.5626392786,35.1873606104,2.7024575E-7
-82.6043059451,35.1456939439,1.0109494E-6
-82.6043059451,35.3956939429,2.647528E-4
-82.6459726116,34.7290272789,5.357389E-4
-82.6459726116,35.2706939434,5.8006488E-5
-82.6459726116,35.4790272759,2.8579173E-4
-82.6459726116,35.9373606074,0.0010383509
-82.6876392781,28.7706939694,0.6430619
-82.6876392781,34.8540272784,3.211721E-4
-82.6876392781,34.8956939449,2.0708848E-4
-82.6876392781,35.0623606109,3.291989E-5
-82.6876392781,35.2706939434,9.5015406E-5
-82.6876392781,35.4373606094,2.2749467E-4
-82.7293059446,32.3540272884,0.005726699
-82.7709726111,27.9790273059,0.46162397
-82.7709726111,34.8540272784,6.817786E-5
-82.7709726111,35.0206939444,3.0832866E-6
-82.7709726111,35.8123606079,0.0024637799
-82.8126392776,34.3540272804,0.0040899008
-82.8126392776,34.7706939454,5.8875103E-5
-82.8126392776,35.3123606099,1.7334143E-5
-82.8543059441,34.0206939484,0.0067355917
-82.8543059441,34.4790272799,0.0045663244
-82.8543059441,35.3540272764,5.2180553E-7
-82.8543059441,35.4373606094,1.9137403E-4
-82.8543059441,35.6873606084,3.6793773E-4
-82.8543059441,35.8956939409,0.0044978047
-82.8543059441,35.9790272739,0.0019109471
-82.8959726106,34.6873606124,2.2897894E-4
-82.8959726106,35.1456939439,2.4283813E-6
-82.8959726106,35.2290272769,7.6010765E-6
-82.8959726106,35.6456939419,1.1720805E-4
-82.8959726106,35.9373606074,0.0028660398
-82.9376392771,29.8956939649,0.53942895
-82.9376392771,34.0206939484,0.009249621
-82.9793059436,32.8956939529,0.028333012
-82.9793059436,34.7290272789,1.4327742E-4
-83.0209726101,34.9790272779,5.6788563E-6
-83.0209726101,35.0623606109,1.532567E-7
-83.1043059431,29.1873606344,0.5987032
-83.1043059431,30.1456939639,0.0972715
-83.1043059431,33.9790272819,0.0026170758
-83.1043059431,34.6873606124,8.0991304E-4
-83.1043059431,35.1873606104,1.2666507E-7
-83.1459726096,33.0623606189,0.027225146
-83.1459726096,33.9790272819,0.0022859043
-83.1459726096,35.0623606109,6.2571337E-7
-83.1876392761,30.0623606309,0.0558348
-83.1876392761,35.6040272754,1.8939187E-5
-83.2293059426,35.0623606109,4.258561E-8
-83.2293059426,35.6873606084,1.2750117E-5
-83.2709726091,33.0623606189,0.0031242976
-83.2709726091,34.8123606119,4.972464E-5
-83.3126392756,32.3540272884,0.024123842
-83.3126392756,34.8540272784,5.2498117E-6
-83.3126392756,35.2706939434,1.009459E-5
-83.3126392756,35.6456939419,1.3561239E-5
-83.3543059421,29.6456939659,0.36130646
-83.3543059421,34.9790272779,6.902624E-6
-83.3543059421,35.3540272764,1.1338663E-5
-83.4793059416,32.4373606214,0.038066994
-83.4793059416,34.1040272814,0.006476041
-83.4793059416,34.8123606119,1.7349969E-6
-83.4793059416,34.8956939449,2.9747148E-6
-83.5209726081,31.8540272904,0.0062997066
-83.5209726081,34.5206939464,3.803179E-5
-83.5209726081,34.6040272794,2.149762E-4
-83.5209726081,34.8123606119,3.076562E-5
-83.5209726081,35.0623606109,2.6225614E-6
-83.5626392746,29.9790272979,0.36766356
-83.5626392746,34.4373606134,6.914024E-5
-83.6043059411,33.1040272854,0.03250564
-83.6043059411,35.4790272759,3.5851615E-5
-83.6459726076,31.8540272904,0.028283438
-83.6459726076,35.5206939424,9.561714E-5
-83.6459726076,35.6873606084,0.003480802
-83.6876392741,33.0623606189,0.031337757
-83.6876392741,33.2290272849,0.026567083
-83.6876392741,35.0623606109,1.49248335E-5
-83.6876392741,35.3540272764,4.3223982E-4
-83.6876392741,35.4373606094,0.0029185817
-83.7293059406,32.6873606204,0.0340736
-83.7293059406,34.6456939459,2.0205163E-5
-83.7293059406,34.7290272789,2.3602212E-5
-83.7293059406,35.1040272774,6.085423E-5
-83.7293059406,35.6040272754,0.0012424656
-83.7709726071,34.7290272789,1.7565046E-5
-83.7709726071,35.0206939444,4.1444646E-4
-83.8126392736,31.2290272929,0.016456524
-83.8126392736,33.9790272819,0.005198178
-83.8126392736,34.8956939449,3.046923E-6
-83.8126392736,34.9373606114,3.8567647E-5
-83.8543059401,34.5623606129,3.811725E-4
-83.8959726066,33.0623606189,0.012190204
-83.8959726066,34.9373606114,4.769151E-5
-83.9376392731,35.5206939424,4.5793026E-4
-84.0209726061,35.3123606099,2.9613357E-6
-84.1043059391,31.3123606259,0.019158857
-84.1459726056,34.1040272814,7.442475E-4
-84.1459726056,34.6456939459,7.3462825E-6
-84.1459726056,34.6873606124,2.1969585E-5
-84.1876392721,30.3956939629,0.017762613
-84.2293059386,33.0623606189,0.02632267
-84.2293059386,34.4373606134,6.607509E-4
-84.2709726051,32.9373606194,0.06944113
-84.2709726051,33.8123606159,0.012654091
-84.3126392716,34.3123606139,0.0025284823
-84.3543059381,29.9373606314,0.18700716
-84.3543059381,34.9373606114,0.0016063652
-84.3959726046,34.7706939454,0.0018708289
-84.3959726046,34.8123606119,0.0012618743
-84.4376392711,34.3123606139,0.0042288615
-84.4376392711,35.1040272774,1.396534E-4
-84.4793059376,33.9790272819,0.0033795596
-84.4793059376,34.6456939459,0.0010368476
-84.5209726041,32.5206939544,0.062161334
-84.5209726041,35.0206939444,7.824508E-5
-84.5626392706,34.0623606149,0.001250651
-84.6043059371,35.1456939439,3.4128406E-4
-84.6459726036,34.6873606124,2.6006962E-4
-84.6876392701,34.1873606144,0.012266304
-84.7709726031,31.8956939569,0.113015056
-84.8126392696,31.7706939574,0.1016465
-85.0209726021,33.7706939494,0.010036533
-85.0209726021,35.8956939409,0.003646756
-85.0209726021,35.9790272739,0.0037528113
-85.0626392686,29.6873606324,0.28997043
-85.0626392686,31.0206939604,0.04405783
-85.0626392686,31.8123606239,0.046257496
-85.0626392686,34.5206939464,5.849654E-4
-85.1043059351,29.6040272994,0.31789508
-85.1043059351,31.6873606244,0.030922009
-85.1459726016,35.8123606079,8.392426E-4
-85.2293059346,35.2290272769,0.0018951376
-85.2709726011,35.2290272769,7.402224E-4
-85.3126392676,35.7290272749,0.0010796763
-85.3543059341,29.7290272989,0.3260401
-85.3543059341,35.5623606089,0.0034090397
-85.3959726006,29.8540272984,0.25804734
-85.3959726006,35.8540272744,0.00242251
-85.4376392671,35.1456939439,4.9880886E-4
-85.4376392671,35.4373606094,6.8824104E-4
-85.4793059336,31.7290272909,0.079445
-85.5209726001,30.4790272959,0.021665419
-85.5626392666,35.2706939434,1.4294441E-4
-85.5626392666,35.5206939424,0.0013670729
-85.6043059331,35.4373606094,0.013301676
-85.6459725996,30.1456939639,0.22300862
-85.6459725996,34.4790272799,0.00222176
-85.6876392661,30.5623606289,0.01818729
-85.6876392661,35.1456939439,0.0019742253
-85.6876392661,35.3540272764,8.924967E-4
-85.7293059326,32.6456939539,0.029524006
-85.7709725991,31.0206939604,0.012433644
-85.7709725991,35.6456939419,0.008093015
-85.8126392656,32.5623606209,0.038579896
-85.8126392656,35.0623606109,0.0124543505
-85.8126392656,35.4373606094,7.567887E-4
-85.8959725986,30.6873606284,0.0130286245
-85.8959725986,35.3540272764,0.0028212445
-85.9376392651,31.0623606269,0.027596585
-85.9793059316,30.8123606279,0.008440734
-86.0209725981,31.1040272934,0.018140607
-86.0209725981,31.2290272929,0.021398082
-86.0209725981,35.6873606084,0.01128749
-86.0626392646,34.4373606134,0.0040958636
-86.0626392646,35.0206939444,0.003025713
-86.1876392641,31.2290272929,0.019155582
-86.1876392641,35.0623606109,0.006587346
-86.2293059306,30.8540272944,0.011939769
-86.2293059306,33.3123606179,0.018481761
-86.2709725971,35.8956939409,0.016710939
-86.3126392636,32.3956939549,0.054316465
-86.3126392636,32.4373606214,0.049866173
-86.3126392636,33.1040272854,0.016974002
-86.3543059301,31.1456939599,0.02821697
-86.3543059301,34.8123606119,0.003415657
-86.3959725966,30.6873606284,0.008621646
-86.4793059296,31.2706939594,0.03086539
-86.5209725961,30.8540272944,0.010602924
-86.5626392626,31.0623606269,0.012623301
-86.5626392626,34.1873606144,0.00692163
-86.7293059286,32.2290272889,0.033912
-86.7709725951,30.5206939624,0.011463623
-86.8126392616,31.3540272924,0.025213515
-86.8543059281,30.3956939629,0.029414905
-86.8543059281,35.0206939444,0.0057825632
-86.8959725946,30.6456939619,0.005029399
-86.9793059276,30.3540272964,0.17970778
-87.0626392606,30.9373606274,0.010655504
-87.0626392606,32.3123606219,0.048873667
-87.1459725936,33.2290272849,0.008448535
-87.1876392601,30.8956939609,0.009451917
-87.1876392601,31.1040272934,0.017423531
-87.3959725926,34.6873606124,0.036256418
-87.4376392591,31.1456939599,0.020232838
-87.4793059256,32.9790272859,0.0063556465
-87.4793059256,33.9373606154,0.0036092761
-87.4793059256,35.7706939414,0.010820383
-87.6459725916,34.1873606144,0.003790355
-87.6876392581,32.4373606214,0.037581127
-87.6876392581,33.1873606184,0.0140608
-87.7709725911,30.8123606279,0.012803749
-87.8543059241,30.5623606289,0.013180812
-87.8543059241,30.8123606279,0.014653335
-87.9376392571,31.1040272934,0.014644667
-87.9376392571,32.6456939539,0.038252022
-87.9376392571,35.1040272774,0.007612169
-87.9376392571,35.2290272769,0.02914619
-87.9376392571,35.9373606074,0.009581373
-88.0209725901,33.8540272824,0.0034754982
-88.0209725901,34.6873606124,0.00951681
-88.0209725901,35.4790272759,0.026238382
-88.0626392566,33.6456939499,0.0050263423
-88.1876392561,30.7706939614,0.010794134
-88.1876392561,31.7706939574,0.008590522
-88.1876392561,33.6873606164,0.005461508
-88.2293059226,31.1873606264,0.025301246
-88.3126392556,30.8540272944,0.01248383
-88.3126392556,33.9373606154,0.0015608547
-88.3126392556,34.9373606114,0.0068515055
-88.3543059221,33.7706939494,0.0024669718
-88.3543059221,35.5623606089,0.010503062
-88.4793059216,31.6040272914,0.017007835
-88.4793059216,32.1040272894,0.017956264
-88.5209725881,30.9373606274,0.007911443
-88.5209725881,34.0623606149,0.0022483298
-88.5626392546,30.3956939629,0.11147966
-88.5626392546,33.9790272819,0.003379569
-88.6043059211,30.4790272959,0.01824262
-88.6043059211,31.1456939599,0.010432156
-88.6876392541,31.8123606239,0.021542002
-88.7293059206,31.1456939599,0.011260383
-88.7709725871,30.6456939619,0.011803522
-88.8543059201,33.6873606164,0.0026223534
-88.9376392531,31.6040272914,0.012641093
-88.9376392531,33.3956939509,0.004353858
-88.9793059196,29.8123606319,0.2335517
-88.9793059196,35.7290272749,0.003495055
-89.0626392526,29.0623606349,0.12209353
-89.0626392526,29.1873606344,0.106278814
-89.0626392526,29.5206939664,0.11376814
-89.0626392526,34.5206939464,0.005685465
-89.1043059191,30.7290272949,0.011712265
-89.1043059191,35.1456939439,0.005100147
-89.1459725856,29.2706939674,0.09252338
-89.1876392521,33.6456939499,0.0037487657
-89.2293059186,34.8956939449,0.0028671855
-89.2709725851,29.3540273004,0.08940126
-89.2709725851,34.1040272814,0.006964022
-89.2709725851,34.1456939479,0.0058406205
-89.2709725851,35.9790272739,0.005740594
-89.3126392516,35.1873606104,0.008143801
-89.3543059181,34.4790272799,0.008422202
-89.3959725846,31.1456939599,0.006218628
-89.4376392511,29.6873606324,0.24665472
-89.4376392511,35.0623606109,0.009011873
-89.4793059176,29.2290273009,0.0920846
-89.4793059176,35.3123606099,0.009111297
-89.5209725841,29.8123606319,0.24226227
-89.5209725841,34.2706939474,0.024514843
-89.5209725841,35.0206939444,0.009057687
-89.5209725841,35.1040272774,0.0020129867
-89.5209725841,35.5623606089,0.015100385
-89.5626392506,29.9373606314,0.24244957
-89.5626392506,35.9373606074,0.005376858
-89.6043059171,30.6456939619,0.013602497
-89.6043059171,31.6456939579,0.007760187
-89.6459725836,32.5623606209,0.010249869
-89.7709725831,29.6040272994,0.21219262
-89.8126392496,30.2290272969,0.21284306
-89.9376392491,31.0623606269,0.004200355
-89.9376392491,31.4373606254,0.010242286
-89.9376392491,34.8123606119,0.00891751
-89.9793059156,33.2706939514,0.0046791034
-90.0209725821,30.6040272954,0.0056430465
-90.0209725821,30.7706939614,0.004611027
-90.0209725821,33.8540272824,0.009863315
-90.0626392486,29.1456939679,0.060027994
-90.1043059151,35.5206939424,0.0073265773
-90.1459725816,30.7290272949,0.0027826347
-90.1876392481,30.8540272944,0.006207755
-90.2709725811,29.1040273014,0.06685095
-90.2709725811,30.8540272944,0.0030509615
-90.3543059141,30.3540272964,0.0050685
-90.3543059141,33.7706939494,0.010243307
-90.4376392471,33.0623606189,0.008108061
-90.4793059136,33.6456939499,0.011115204
-90.4793059136,34.0206939484,0.010670008
-90.5209725801,30.1456939639,0.010569995
-90.5209725801,35.8956939409,0.0024986102
-90.6043059131,35.9790272739,0.0040935595
-90.6459725796,33.5206939504,0.022587994
-90.6459725796,34.9373606114,0.0062254937
-90.6459725796,35.1040272774,0.0051917336
-90.6876392461,29.3956939669,0.1962656
-90.6876392461,34.7706939454,0.006309269
-90.7293059126,30.4790272959,0.0036566556
-90.7293059126,32.5623606209,0.017681915
-90.7293059126,33.2706939514,0.027738977
-90.7293059126,35.0623606109,0.004865757
-90.7709725791,32.3956939549,0.018605953
-90.7709725791,34.3123606139,0.028324252
-90.7709725791,35.0623606109,0.0058078566
-90.7709725791,35.6456939419,0.0029969874
-90.8126392456,29.8956939649,0.008334104
-90.8126392456,30.2706939634,0.0031287745
-90.8126392456,34.4790272799,0.020714385
-90.8543059121,30.3123606299,0.0030567024
-90.8959725786,30.9373606274,0.002086178
-90.8959725786,32.3540272884,0.018216638
-90.9376392451,29.2706939674,0.20919332
-90.9376392451,31.8956939569,0.019177288
-90.9793059116,29.3123606339,0.19803715
-90.9793059116,30.0623606309,0.0024741583
-90.9793059116,32.2290272889,0.031472288
-90.9793059116,33.2706939514,0.034372136
-91.0209725781,29.8123606319,0.0625049
-91.0209725781,29.9790272979,0.0059864204
-91.1043059111,31.8956939569,0.026615677
-91.1043059111,32.6040272874,0.01513308
-91.1043059111,35.6456939419,0.0022507394
-91.2293059106,34.3956939469,0.022733789
-91.3126392436,29.6040272994,0.09760732
-91.3543059101,31.3540272924,0.0060922224
-91.3959725766,30.2290272969,0.0014360177
-91.3959725766,31.2290272929,0.006972287
-91.3959725766,31.6456939579,0.012522236
-91.4376392431,29.9373606314,0.0037148346
-91.4376392431,30.3123606299,0.0011543072
-91.4376392431,35.9373606074,0.003373377
-91.4793059096,30.4373606294,0.0023573663
-91.4793059096,31.5206939584,0.0065804017
-91.4793059096,31.5623606249,0.0071525215
-91.4793059096,31.8956939569,0.010663174
-91.4793059096,32.3123606219,0.020987948
-91.4793059096,35.8956939409,0.0021737958
-80.0157244020024,26.7799795105426,0.3905405
-80.0263202667412,26.8104589357502,0.38923723
-80.0449964004332,26.7243311586877,0.39151073
-80.0495733941514,26.5373481539859,0.33588898
-80.0513042798064,26.3029044079021,0.27920258
-80.055451530312,26.6140624080015,0.39151073
-80.0557425766169,26.391737351715,0.27647886
-80.0599027225617,26.4184810681209,0.31569496
-80.062632532352,26.2616358540535,0.28508985
-80.0711870030968,26.9640545230238,0.37817523
-80.0733986885347,26.773747908574,0.3908439
-80.0917571067243,26.2278521432865,0.28910983
-80.1179672409653,26.0216071088738,0.28404397
-80.1217671410498,26.3421876709358,0.2793673
-80.1305230290241,26.6579421058193,0.34891576
-80.1430012473558,26.9905280416635,0.3642434
-80.1656179044558,27.1758902293886,0.369889
-80.1699796157435,27.2344890383804,0.36684227
-80.1717498061501,26.7346248743959,0.2923993
-80.1759659556677,26.1928568050138,0.28435144
-80.2136252569665,26.0324590474013,0.28729197
-80.2216764270192,26.6190859734187,0.29357582
-80.2234258415234,26.7853466918606,0.20154953
-80.2244227073773,26.407289994612,0.30692106
-80.2315729658851,26.1031999114518,0.28425625
-80.2445892829169,26.4828206181976,0.2972497
-80.2449127049835,26.8484737367925,0.20198415
-80.2556330081082,27.4303052935958,0.4851292
-80.2637780741886,27.0249285570656,0.17520738
-80.2678965660541,26.7084245560313,0.18379305
-80.2684582912308,26.9145049329371,0.17923032
-80.27197648722,27.4876765995745,0.48342898
-80.2733640040111,26.2326048994129,0.29163018
-80.2760898196069,26.5634329391787,0.1847602
-80.285115224544,27.2268603504989,0.27042106
-80.2908478594514,26.698457354298,0.18577087
-80.2926030922914,26.5085052977088,0.18536337
-80.293051311293,26.3218284530798,0.3159407
-80.296679674274,26.2065348325959,0.27300164
-80.3027857850899,27.5506263240079,0.48802552
-80.3059841542351,27.2244833094614,0.17451096
-80.309314852826,26.2533656900894,0.3171002
-80.3100466845208,26.5928088451731,0.1820447
-80.3213670529925,27.0051084618637,0.17630994
-80.322181641679,27.5314231361801,0.48802552
-80.3240570021545,26.7744497394063,0.18086505
-80.3398905681403,27.7231656031971,0.47897804
-80.3420742596804,27.3667947568869,0.18442713
-80.3437599730337,26.3031755352107,0.190887
-80.3450015017676,26.2115789358499,0.3212022
-80.3481175165037,26.6785257367243,0.19292602
-80.3501033641376,26.8299838498894,0.19026959
-80.3514198373734,26.6388429197673,0.18991455
-80.3625070552278,26.8906818872542,0.18356472
-80.3664927949712,27.0248909895031,0.18146868
-80.3685859389289,26.8497420770198,0.19935405
-80.3838114310849,26.8695676895777,0.15185243
-80.3872085551866,27.1610851258572,0.16131666
-80.3872582651575,27.7680555360158,0.45013306
-80.3881672215269,26.6477620106819,0.15324712
-80.40589206786,27.7263222976621,0.44971684
-80.4084247345943,26.5983923019358,0.18146461
-80.4087452950195,27.310553777802,0.15990736
-80.4103121011224,27.2210343375785,0.16062783
-80.4130685873316,26.5741616751397,0.19587323
-80.41343032971,26.5041616316584,0.19390608
-80.4137119462086,26.1418390448121,0.31289604
-80.4201556971899,26.3839312343114,0.19568627
-80.4232526285347,26.6339921777399,0.1703766
-80.4263824149886,26.5423964230172,0.14973877
-80.4348415573153,27.7231680216704,0.3083844
-80.4378075220616,27.8426189878044,0.4333371
-80.4463406445442,27.120106341691,0.19745389
-80.4486116856108,26.9284493528303,0.18061763
-80.4507858592773,27.1860899591502,0.29278114
-80.4510616445676,26.8537588250832,0.1830475
-80.4581640301184,27.3560446159227,0.30482394
-80.4601454335663,26.7537845429135,0.36841506
-80.4643462947541,26.7078539333111,0.2938494
-80.4783900364814,26.3926357570658,0.19174145
-80.4968538299949,27.8883206811918,0.3485697
-80.4994725506759,26.9586384459537,0.3605431
-80.5145302215139,27.894081690162,0.3750162
-80.5225331528393,27.8480862918477,0.37148365
-80.5301161019923,27.671493852803,0.36185807
-80.5301175912892,28.4855242185168,0.35304826
-80.5304242867487,28.424068582865,0.37087995
-80.5370304451001,27.4968930648016,0.3084376
-80.5373162734501,27.2058478414713,0.356096
-80.5420546496756,27.010408348366,0.36839673
-80.5431309480158,27.6624543811005,0.3767331
-80.5598725943277,27.1098955487668,0.38192952
-80.5667419243144,28.5410163488947,0.35163262
-80.5781894830824,28.4595765507442,0.36102375
-80.5875992904878,28.5847049979196,0.30034524
-80.5876181724701,28.489920718454,0.3505451
-80.5906529249273,27.4708495770186,0.31499743
-80.5975216915808,28.659235432777,0.29373518
-80.5995678463167,28.1698517272188,0.2583615
-80.6177762093359,28.3081154991972,0.3572664
-80.6305434777778,28.59094711596,0.4173252
-80.6311242075403,27.1409845172536,0.37523678
-80.6328616177972,27.5659950921069,0.37232307
-80.640955221114,27.6968145944032,0.3735384
-80.6456740732187,28.2245820718858,0.20678282
-80.6520640911494,28.3453273616136,0.35852712
-80.6525060325616,28.2700109437956,0.26009458
-80.6531818310925,28.1689021793307,0.26544604
-80.6754068566616,28.2588304393982,0.36583266
-80.7161684061593,28.3656719908138,0.4368446
-80.7229744210946,27.4112811375788,0.38111168
-80.7244629566202,27.9124911423094,0.36082715
-80.7249122131217,28.4342740718667,0.35694546
-80.7269928111627,28.7595262320233,0.36642987
-80.7357524664128,28.1849134679832,0.3698776
-80.7389901199804,27.6370330197673,0.37719855
-80.7424721345498,27.8169266439922,0.39018533
-80.7487626029491,27.6180805552083,0.38267538
-80.7498158440327,27.426184453415,0.38111168
-80.766271572122,28.3797664347277,0.43228966
-80.777318638302,28.750925178474,0.41900408
-80.8032401631624,28.0130293544886,0.38300508
-80.8120701026414,28.9567878430917,0.35647374
-80.828883059615,28.9106623766724,0.37494454
-80.8328881789765,28.205025163617,0.3266673
-80.8357703056682,28.9615949750643,0.37087002
-80.8443823279942,28.6301208941319,0.37911022
-80.8588409341728,28.4745527697377,0.41517663
-80.8743811411032,28.3350246821712,0.41940832
-80.8802748530291,28.7753733039655,0.3739887
-80.886782581765,27.9587519927117,0.44084936
-80.8979387444703,28.3004708602505,0.42420545
-80.9032474508903,28.8863354226718,0.36884943
-80.9062387106844,28.2293053270673,0.4326026
-80.9154550323431,28.0673652429964,0.44331807
-80.9239326906464,28.5851780993213,0.3753547
-80.9610273649396,28.8097142571635,0.476254
-80.966690789695,27.9785022720332,0.43469328
-81.0059851503594,28.7899592409332,0.54141915
-81.02658460147,29.0979517039669,0.52660596
-81.0342207332128,28.3737008235942,0.499275
-81.0443465768502,28.4449399497419,0.5472098
-81.0480894667876,27.8224561275459,0.43704307
-81.0573459679067,28.7153665035446,0.522712
-81.0627828905849,27.1693606262761,0.30640444
-81.0636026078244,29.1717473047944,0.5104801
-81.0857974423628,29.4974226765982,0.3957944
-81.1203736535779,28.1646832589195,0.5509626
-81.1241551912151,26.8039139171407,0.38065726
-81.1276116273825,28.8572952448956,0.45963413
-81.1367024478809,28.2696426140283,0.5289494
-81.1558432052095,26.9946647862505,0.3902848
-81.1624343475182,29.2416202795494,0.40557638
-81.1734207900401,28.8908797722071,0.40814772
-81.1887561326318,29.2674725285714,0.39483416
-81.1890540602823,27.301175683116,0.4008197
-81.2014479061111,29.5176205612022,0.4379518
-81.2017734853583,29.0658422171345,0.42432773
-81.204893164625,29.2428409282046,0.3963571
-81.2150657999212,26.7435646787837,0.40092856
-81.2223411992351,27.2460355398348,0.30357486
-81.2269466239701,29.0307354188764,0.42580378
-81.2409661941762,26.7650702700645,0.40092856
-81.2467513180445,29.6428786121136,0.42590842
-81.2538751857637,27.9036267974723,0.46123803
-81.2551565202603,27.9692348503327,0.5516152
-81.2579942558758,28.2840026552859,0.3167549
-81.2727406773371,29.0827530247741,0.4031418
-81.2828790174417,27.6973602857336,0.5847678
-81.28647948927,27.6508491323364,0.588731
-81.2887349983695,28.5651079485192,0.3199124
-81.3005681874474,29.5025765933477,0.4131418
-81.3090964119065,29.8797619446113,0.37669474
-81.3119605638203,29.5786221958605,0.40918568
-81.3131573905733,27.5178176363821,0.6001342
-81.3142092611177,27.7218686571255,0.57040596
-81.3191485224006,29.9788375181903,0.36693546
-81.3200748183952,27.9031302407348,0.55329686
-81.3259353570861,27.1559630183296,0.46432593
-81.3332523625996,27.0939919075055,0.6030118
-81.3350635023893,27.1616946899441,0.647591
-81.3353135333783,27.5817231736276,0.47048444
-81.355354300228,28.9060583497351,0.30931512
-81.3565089407296,29.1830554000888,0.413912
-81.3579464508459,28.0073328689885,0.5278532
-81.367248989478,29.5283313846673,0.36346623
-81.3680671569038,30.0943616368269,0.3866363
-81.3715471551848,29.3237051708895,0.38483253
-81.3721793933145,27.0592490595933,0.5982427
-81.3747499154558,27.9137509443985,0.53994954
-81.3775297607996,29.5331775992734,0.37005007
-81.381578782628,28.1730079529582,0.31641337
-81.3842203192042,27.274695201455,0.6496499
-81.3892260642386,26.9999404355789,0.42354727
-81.3916722414772,30.4207218884357,0.24263369
-81.4058586797226,27.3316782559789,0.50886726
-81.4071183548169,29.0456233960152,0.29853812
-81.4082137329377,28.6394526810241,0.31419954
-81.411246767374,29.67404625344,0.39976698
-81.419501487897,27.5617857601257,0.5813844
-81.4212142581173,26.8030859403593,0.40994647
-81.4214798267245,30.4223345459367,0.2443541
-81.4227201368787,28.1030711925565,0.5047483
-81.4233837773976,28.9675389362084,0.44372347
-81.4234674601175,30.9627422488236,0.18548274
-81.4303152533056,29.9049114553379,0.37129503
-81.4308158826981,29.447603648896,0.38860068
-81.4395549232671,30.0100094444641,0.38636988
-81.4473331073488,27.0450401812648,0.48780572
-81.4492512433895,29.1718285004903,0.41461182
-81.4549274919999,29.6289437545385,0.35186857
-81.4558532172046,29.6795255059579,0.356203
-81.4563421972882,30.6664852981774,0.2046879
-81.4566541145486,30.9124805210954,0.18955542
-81.4585572291307,29.582622865919,0.36084753
-81.463077873129,29.1976625390168,0.4204216
-81.4741637096123,29.2884631796323,0.40761265
-81.4863329050559,27.4407710931349,0.5980224
-81.4915288811103,30.124395468992,0.39856172
-81.4953591259902,29.6980501145508,0.35883743
-81.4976347961686,28.2330156367515,0.38886243
-81.4993975177211,28.6455366106743,0.4116153
-81.5022501009367,30.7164036806369,0.18247218
-81.5049666987318,29.2329094131874,0.42506143
-81.5053991168546,27.7937345912651,0.43393618
-81.507585591466,27.5326510961754,0.5800432
-81.5075938395048,30.6672574873415,0.13288334
-81.5076543297273,30.4068518470617,0.12191933
-81.5115420713228,27.7633104929314,0.55897254
-81.5121510162506,29.7130999459092,0.36315626
-81.5171765839087,29.3786621202478,0.37912276
-81.5270475186274,27.8489207119334,0.537885
-81.5350981634939,29.6389048204666,0.34297326
-81.5368617249834,29.0715972331103,0.42978758
-81.5424152295243,28.8372497589324,0.45403597
-81.5481580427322,28.6656698878557,0.24100094
-81.5503920369322,28.9720479154139,0.44385952
-81.5506732820093,27.8872192746326,0.4496544
-81.5756676580656,29.7632559035529,0.36355036
-81.5762052209829,28.9412040995058,0.41527966
-81.5803926120958,30.6157510795563,0.25218034
-81.582454631838,29.1024732824946,0.42439032
-81.5831036094472,29.8137061244212,0.36999398
-81.5878384398999,27.4359993978248,0.57608473
-81.5886543293468,27.6972743249443,0.5522422
-81.5894168460975,26.999842312028,0.38210413
-81.589984100369,27.2213745525619,0.6423876
-81.5927993075248,29.3424839360147,0.41420183
-81.6097838379436,30.4003083555677,0.15191884
-81.6109234863423,30.9692346411268,0.07830884
-81.6128997630425,29.8645668343128,0.36738724
-81.6131908021261,28.5794618655364,0.23302126
-81.6155821354247,30.5053278090225,0.27152756
-81.6182351237469,27.4802897210979,0.5648422
-81.6195285175916,29.5134647038045,0.35277277
-81.6267601352369,30.7868241881128,0.03667427
-81.6272528679183,30.8878501683265,0.13338986
-81.6276114944215,30.4971259862985,0.28529865
-81.6318337971195,27.4918576003712,0.5648422
-81.6322173874366,30.0506803882927,0.2271951
-81.6348998713552,30.3520276271565,0.297017
-81.6373370942889,27.570741505789,0.5587965
-81.6400832226876,30.7275262053317,0.21782903
-81.6408553505596,28.5710330333172,0.22333659
-81.6417695619316,28.8308450095021,0.44870117
-81.6448718889359,30.9384051770979,0.1216816
-81.6470951706225,28.8559029402535,0.43548322
-81.6524291206,30.1295706777785,0.23413187
-81.6524670053628,29.5120559654508,0.19664776
-81.653498768124,29.7085011819,0.35146692
-81.6608548166986,28.2284492099335,0.4210859
-81.6645958240185,29.252627431839,0.39374352
-81.6649094227228,29.4035199839064,0.4022135
-81.6650010389662,30.2107878565528,0.22303683
-81.6805264019071,28.6697149062597,0.23575754
-81.6841618968568,30.0603535998946,0.21358462
-81.6904409225368,29.7429991494165,0.36239806
-81.6967512645793,28.7108531341017,0.3219588
-81.6973846262356,28.9818944099071,0.43686965
-81.6989741053009,28.9359119952871,0.3224881
-81.7032870820308,30.0153988372104,0.21612675
-81.703679924685,30.7870416362409,0.09996581
-81.7056722513172,30.2809688998672,0.30641356
-81.7061953962968,27.7813971989504,0.44266957
-81.7085527055916,29.464318001937,0.37920535
-81.7118110250951,28.811340605739,0.2522646
-81.7196289435908,30.535676631775,0.27380297
-81.7208613168462,30.877907546022,0.1281874
-81.7242277376034,29.1020594434656,0.4198374
-81.7295440517289,28.5200656703037,0.4404109
-81.7298951308081,28.6206651635781,0.4051652
-81.7300235376435,30.6279978273206,0.44691876
-81.7313399905501,29.1411046216464,0.4010585
-81.7372332414172,29.6496974642816,0.34707704
-81.7376837842367,29.3385386799523,0.39613783
-81.7416615868459,28.9215440569628,0.24871428
-81.7425985041467,29.7486703940264,0.3778402
-81.743598776922,30.6921580781245,0.10422159
-81.7455581786665,29.8885995561503,0.26172045
-81.7475401109113,30.1356596820747,0.3062287
-81.7481177541543,30.94718599001,0.10672153
-81.7502447173316,28.7655751160616,0.49226758
-81.7530915151777,30.5174621574212,0.24286148
-81.7541010897397,30.9485554728772,0.10418659
-81.7557350897062,28.8668430601753,0.42531085
-81.7571285399801,28.9964135936164,0.5791686
-81.7602669002908,29.3530181347526,0.27894777
-81.7616491090191,30.5917236820185,0.5703101
-81.7627775763889,27.7525926014075,0.40133157
-81.764728426411,28.7451672722256,0.243899
-81.7675070421078,29.0276757770314,0.57702017
-81.7676962134934,29.1160357450175,0.41818318
-81.7742623538412,29.0718206488979,0.46732467
-81.7795716913325,29.2728682458215,0.45856872
-81.7827600357065,28.9269722852842,0.44087762
-81.7829229095513,28.4959514377361,0.3915046
-81.7893129475759,30.1612129174616,0.3015432
-81.7899786829532,27.6014116582447,0.53463995
-81.7917743878697,30.3659870502027,0.28578737
-81.7954640073854,29.3064731344946,0.38075295
-81.8024596475438,28.686477961652,0.4292218
-81.8028469556871,30.0458456364251,0.49852556
-81.8032911055348,30.1348532529731,0.51192707
-81.805127842015,30.3773123264156,0.2413849
-81.8057923644638,29.0923224065326,0.70010364
-81.8063034263908,29.9450170742455,0.53128666
-81.8067832710897,27.9388586133378,0.43709797
-81.809322562895,29.2683457544289,0.507243
-81.8099193990251,30.8728757753896,0.11359158
-81.8126170125635,29.1882364565739,0.67536676
-81.8127654906051,30.2395607922336,0.29207185
-81.8153636733697,28.4796098771325,0.38161263
-81.8162195918874,30.0147672402323,0.5206375
-81.8171071031361,28.5996556651338,0.52245086
-81.8181229681599,28.7916065389145,0.46415678
-81.822349907191,29.9652756039249,0.6476697
-81.8243177400947,29.0673077061839,0.62969375
-81.8258696821143,30.3058801770466,0.25698355
-81.8295932841116,29.8654325990701,0.27411145
-81.8356622236521,27.9482597026705,0.42392373
-81.8358676515592,27.832455416913,0.4223022
-81.8362190489998,28.5111379337114,0.52721107
-81.836624832932,30.7463385578911,0.12640567
-81.8377801117262,29.1378100992426,0.5267058
-81.8392494067205,29.7839980716842,0.6245091
-81.8398201575507,28.7604439619932,0.36033264
-81.8404396153883,27.7311408380935,0.27135327
-81.8434254668858,27.7669752211265,0.44008866
-81.8435587936439,30.1694016100707,0.6489726
-81.8445419516721,30.4317444329453,0.46712622
-81.8453868519523,30.1643755913509,0.53910565
-81.8457298202742,30.3605571660321,0.1207431
-81.8464413134209,28.9573485819532,0.52354956
-81.8478735432602,29.6586432434387,0.49096605
-81.8478890530928,28.289955476397,0.5938427
-81.8523230795758,28.0388561039711,0.44647056
-81.8620061676092,29.3636795165998,0.32926354
-81.8661012840922,28.3596422892039,0.522395
-81.866706721394,28.4344858341885,0.55107856
-81.8669971567214,28.3104307505443,0.5870111
-81.8684366061261,30.461841030245,0.04087406
-81.8687009360598,28.7361989991354,0.5433979
-81.8697538824865,28.8519349512068,0.25373667
-81.8728012156321,30.9117980986482,0.110849425
-81.8768119869275,27.6114406107768,0.52568984
-81.8768261612279,30.1599026488189,0.69375765
-81.8787570425536,27.3472289798166,0.57369494
-81.8829524841423,30.5257850473587,0.13262588
-81.8851272947668,28.4551133946626,0.6071044
-81.8872625188555,29.6289813934737,0.6624594
-81.8877940749006,27.5472948253409,0.5312232
-81.8887018714017,30.6881460617703,0.12394879
-81.8908339247497,28.735112864981,0.6073007
-81.8909907569506,29.6681619619606,0.6734305
-81.8948438543027,28.8271324034061,0.56790257
-81.8978658743474,27.9041264630537,0.209276
-81.903437807033,28.9468161928137,0.6987694
-81.9045140927359,30.2353886564098,0.6093595
-81.91142306954,29.5188072958118,0.6287581
-81.9125187693974,28.8768451836607,0.6227428
-81.9149856491489,29.4288015062264,0.6674231
-81.921288420063,29.2112674506531,0.6919853
-81.9296257677528,27.7417160628205,0.29441446
-81.9309461509617,27.9477844071915,0.37678617
-81.9315013221807,27.9723304084936,0.36583397
-81.93395256565,27.2398379207734,0.4420787
-81.9345689297469,29.8096923745763,0.6902234
-81.9425416919408,28.2434715845824,0.5937315
-81.9438129359687,30.05564940271,0.64408624
-81.9466454333001,30.2500644071144,0.59335536
-81.9502816270594,28.5890816669467,0.61245424
-81.9507025568592,29.4643303791094,0.68486226
-81.952883624744,28.524951422743,0.60509527
-81.9602665913341,29.8401924557351,0.64725477
-81.9926674394233,30.0495844705281,0.5911532
-81.996736022185,29.7395630895902,0.6800893
-81.9974281429349,28.9120870021718,0.46318907
-82.0070784855904,30.6024160607633,0.11601368
-82.0092673698109,29.5836819650024,0.6793579
-82.0336214407785,29.8136755509946,0.6921991
-82.0341083131311,27.3520050686975,0.5629179
-82.0392649661454,27.8188689766461,0.39080116
-82.0402580080527,28.1883814592783,0.5822189
-82.0440877627534,28.0142868534269,0.54880995
-82.0465451903289,30.1304270228828,0.10150984
-82.0492709585157,27.7366687304967,0.44173092
-82.0569381065483,28.7660929368117,0.6181915
-82.0589637820794,29.2171289891615,0.6906853
-82.0650355557108,29.1274240014415,0.6878071
-82.0666885751764,27.5670195640729,0.53799814
-82.0700239502881,29.1783566721142,0.6967823
-82.083610835265,30.4963029953034,0.05780635
-82.084044739074,28.5458898193258,0.6119125
-82.0844436308287,30.0743059571682,0.15005693
-82.0907461583408,28.2590995573332,0.49173546
-82.1014082968662,29.6344725631401,0.6872293
-82.1040735877031,28.1333545323378,0.59933656
-82.1063740934404,30.3254184780922,0.09006446
-82.118149674031,27.2757688562375,0.4293077
-82.1261513079713,30.3405568444122,0.1393809
-82.1261988002449,28.4336624682591,0.5964871
-82.140309662917,28.6157077980189,0.61198676
-82.1423057658516,27.3368581622055,0.38925377
-82.1489332304722,27.2358875218757,0.36243334
-82.1694855388316,27.3014288466818,0.4431027
-82.170122821293,27.7616315987545,0.4017639
-82.1749876339045,28.6351992229553,0.6281175
-82.1813459256687,30.3602042286711,0.13888614
-82.1819599953035,30.2464046537305,0.14049318
-82.1820871359148,28.8771418768834,0.6378078
-82.1834239108863,29.7238356909135,0.6063132
-82.1886774513944,28.8252702726133,0.6378078
-82.1971385768077,29.5879572423486,0.677448
-82.2041990725693,29.472083385524,0.5244594
-82.205765622633,28.3286107198915,0.35999805
-82.2117247372476,29.6748806498851,0.5048142
-82.2118605560308,27.542255756035,0.36150104
-82.2205564753583,29.6231455426468,0.5987318
-82.2433520304901,27.6079581894844,0.5310571
-82.2517487082988,28.2182253811852,0.6075241
-82.2576463028828,28.3447663068163,0.38381878
-82.2617803725544,27.7271956551276,0.5578978
-82.2637433733673,28.4547528334861,0.37133217
-82.273484828979,29.4240035148813,0.48285022
-82.2737524669349,27.2654675410077,0.35810396
-82.2966827721889,28.3949132009015,0.5274186
-82.3073134918419,27.7414836954802,0.62112844
-82.309096917948,28.2600301348158,0.5194697
-82.3125865162832,27.4151973425245,0.22839196
-82.3196470084342,30.2005499208727,0.13114835
-82.3223510731851,27.2862028913738,0.21765335
-82.3239150982573,30.3973098290654,0.11427344
-82.328995467627,29.8182236154834,0.5162822
-82.3311904409004,30.2252218563251,0.12342865
-82.3339680687821,29.5585978991315,0.679539
-82.3384950782017,29.9340919224088,0.5162886
-82.3388884954917,29.7387245869768,0.5575151
-82.3572134329169,27.2869064104506,0.21626127
-82.3610320375144,30.3212063917173,0.10974971
-82.365293676125,28.2435709058728,0.61868304
-82.3757724211777,28.7897340127198,0.6395137
-82.3779682691598,28.9016542414542,0.6302171
-82.39621544267,27.8277782052113,0.48935017
-82.4108052769024,27.837217792983,0.51600593
-82.4254315836008,27.7232306993548,0.6233644
-82.4315218221892,27.9874894918558,0.5673102
-82.431753282336,28.1079043723167,0.5377268
-82.4330865589435,27.9492926496385,0.53190905
-82.4334057856419,28.7463544224288,0.6469626
-82.4441306153687,27.7869121696729,0.533737
-82.4493723180315,28.294491115048,0.60818046
-82.45105351585,28.6213472893129,0.63377357
-82.4628205591609,30.0953840604113,0.118359044
-82.4636252732302,27.7069932461668,0.5477051
-82.4688284268571,28.9870399516756,0.6381177
-82.4692694700915,29.1258109607046,0.5247583
-82.4764550937866,27.8172368039747,0.553218
-82.5118281844468,28.9723840539069,0.41036412
-82.5150548965416,27.3461022097454,0.25080177
-82.5158943447268,28.1230776339009,0.5423938
-82.5167564473506,30.201734688367,0.09860654
-82.518282000387,29.7045903873395,0.6639029
-82.5231317438955,28.5762046982416,0.6456849
-82.5260595899744,29.44755392764,0.67473686
-82.5263090903611,29.2285182465248,0.61398375
-82.530704710741,27.4376027380116,0.24014522
-82.5344963426928,27.7068847906413,0.49046257
-82.5415264679139,28.6010257972453,0.6421992
-82.5446071136167,27.4809352054825,0.21537888
-82.5545190069805,30.2002118381331,0.047458272
-82.558986307403,27.9376044645727,0.2890414
-82.5671372044564,28.9374287999696,0.64214736
-82.5726032059414,29.6485896953806,0.654428
-82.5773892356618,29.9936944184933,0.123449445
-82.5775820828806,27.5815472316,0.3917887
-82.5806518365601,27.4253824174999,0.23983783
-82.588364123928,27.556218013764,0.3797517
-82.5967459082976,27.4967993064402,0.23537752
-82.5978219194375,29.6492475563039,0.64449316
-82.6217607218011,27.3466367813128,0.19838136
-82.6264251415752,27.7579706253174,0.25005573
-82.6270216101296,27.5769146100325,0.30616495
-82.6356371619807,30.2213741600756,0.0911089
-82.6433257571747,29.8148854624996,0.62310755
-82.6557351437618,29.5484962671711,0.6556391
-82.6592553578448,28.1178755212884,0.53889394
-82.6606269565694,27.7422748822194,0.37916028
-82.6613265680725,27.8634180160442,0.4686226
-82.6668377454698,29.7783752351721,0.6166395
-82.6718711001079,28.2246450196398,0.5261174
-82.6798106192881,27.9320317838978,0.45992085
-82.6847174406818,29.6224476876668,0.5816207
-82.6901215432581,30.2361616004704,0.064440444
-82.7036562465681,28.7664125704359,0.6430619
-82.7043837894115,27.766592857042,0.25313357
-82.7078324713299,28.6413093817487,0.55372983
-82.7156228646785,28.2183829775064,0.5258595
-82.7262530264142,27.9731946533141,0.3088728
-82.7317234612534,29.3576663741825,0.6058686
-82.7330974950969,28.3555718343012,0.5302433
-82.7358149364396,27.6715210624601,0.44452664
-82.74161569659,27.537050499415,0.2381235
-82.7634894748727,27.7229949830112,0.39091194
-82.7670029338243,28.2543593870395,0.5219709
-82.7757170801229,28.0744934248006,0.45403522
-82.7933509726804,27.9019359852014,0.38422143
-82.8098819195993,29.6684199534617,0.44785142
-82.8193490665804,30.2308076632651,0.047361832
-82.8266927742579,29.9650391120038,0.28110853
-82.8324895054421,27.8325277395273,0.4000316
-82.8454347150265,29.547893359712,0.4567173
-82.8517489817201,27.9528587488659,0.33875245
-82.8605015158332,30.1240334603072,0.10326574
-82.8696249534546,30.0790910954773,0.10127381
-82.8929915594895,29.7540426191469,0.40798694
-82.9149406846213,30.2063108499833,0.043051742
-82.9204664700627,30.1004189577255,0.048254676
-82.9257811849249,29.9501902175678,0.5457707
-82.9257905070407,29.7628338069926,0.6147519
-82.9289216511612,30.1254649948214,0.05031167
-82.9294876337928,29.251635067461,0.6365546
-82.9333370279967,29.728534215903,0.64050865
-83.0027097092157,29.8540794652934,0.38098097
-83.0192219974605,30.1155303912567,0.046418548
-83.0421287295336,29.2483503017271,0.62881404
-83.0664478232187,30.0349801110659,0.10014864
-83.0747648179179,29.3777156511511,0.59648025
-83.0764965782815,29.63329358643,0.43427113
-83.0924667679804,29.9758119815812,0.06472921
-83.0937584200998,29.0959231781424,0.46707743
-83.1002646556928,29.2131189477592,0.6061459
-83.1029725755514,29.5184421936733,0.37878507
-83.1219458299233,30.0055537341707,0.061089985
-83.1558579269236,29.5741305483042,0.36938342
-83.1771961073224,29.6027818631678,0.37166265
-83.1994454728553,29.2713986639647,0.6268098
-83.251243756703,30.0237116666253,0.065957695
-83.2975252970108,29.4430509125385,0.61851394
-83.3106925732774,29.7199992187443,0.34216496
-83.3400918550169,29.9639270344091,0.4714576
-83.3432186922329,29.662629734757,0.36130646
-83.3841170338864,29.693625115228,0.3730464
-83.4478765656949,30.1606524444934,0.094382964
-83.5036014201531,30.1309836756956,0.06058073
-83.55825002368,29.9891209155411,0.36766356
-83.5995975157145,29.9344983370469,0.45371956
-83.6237681823775,29.8694095671943,0.36886856
-83.6385495630682,30.0995823243289,0.0646904
-83.697055784898,30.1304964405024,0.060590707
-83.7836939162657,30.0601083489431,0.28757656
-83.7838226231739,30.1056521186082,0.056059476
-83.7865287773673,29.9286183231477,0.36821488
-83.7979649044831,30.1146491758935,0.055185627
-83.8069832706993,30.1402673801706,0.053114012
-83.8194155262419,30.0346208646071,0.3442622
-83.894907499111,30.0751788710557,0.05828118
