x,y,Podomys_floridanus stddev
-75.5626393066,35.2290272769,6.4631714E-4
-75.6043059731,35.2706939434,6.514701E-4
-75.7293059726,35.8956939409,8.235703E-4
-76.1043059711,35.6040272754,0.0011018509
-76.2293059706,35.6456939419,0.0014613747
-76.5209726361,35.0206939444,0.0026748057
-76.5626393026,34.6040272794,0.002408475
-76.5626393026,34.7290272789,0.0021538371
-76.6876393021,34.8540272784,0.0023920243
-76.8959726346,25.5206939824,0.018172085
-77.0209726341,35.6873606084,0.0010063484
-77.1459726336,34.6456939459,0.002851837
-77.2709726331,26.3123606459,0.02816669
-77.3126392996,26.5623606449,0.009554487
-77.4793059656,34.9373606114,0.0014747471
-77.6043059651,26.9790273099,0.016605668
-77.7293059646,34.4373606134,0.0014495165
-77.7709726311,25.6873606484,0.024164634
-77.8126392976,34.7706939454,3.561363E-4
-77.8543059641,35.1873606104,9.821198E-4
-77.8543059641,35.3956939429,9.1342203E-4
-77.8959726306,27.0206939764,0.03810253
-77.9376392971,25.8123606479,0.019391293
-78.1043059631,34.2706939474,0.0014647458
-78.2293059626,34.0623606149,0.001706667
-78.2293059626,34.2706939474,0.001964342
-78.2709726291,26.7290273109,0.029639775
-78.3543059621,33.9373606154,0.0033235864
-78.3543059621,35.5623606089,1.941512E-4
-78.5626392946,26.6456939779,0.033675537
-78.7709726271,33.7706939494,0.008154174
-78.8543059601,26.6456939779,0.048399337
-78.9793059596,35.8123606079,1.7686351E-4
-79.0209726261,35.8123606079,3.2728238E-4
-79.1876392921,35.6873606084,1.19803066E-4
-79.1876392921,35.8956939409,3.8267308E-4
-79.2293059586,34.2706939474,7.7242247E-4
-79.3543059581,35.1456939439,3.2286157E-4
-79.4376392911,35.6456939419,1.06355415E-4
-79.5626392906,35.2290272769,5.2346586E-4
-79.5626392906,35.3956939429,1.07937325E-4
-79.6876392901,33.0623606189,0.015974125
-79.6876392901,34.8123606119,3.3888023E-4
-79.8543059561,33.6040272834,0.0016476146
-79.8959726226,35.9373606074,1.7597419E-4
-79.9376392891,35.2290272769,2.5288636E-4
-79.9793059556,32.6456939539,0.022865452
-79.9793059556,35.5623606089,2.7660397E-4
-80.0626392886,26.3540273124,0.015889782
-80.0626392886,26.6873606444,0.058478612
-80.1043059551,25.8956939809,0.030839235
-80.1043059551,26.3956939789,0.011987723
-80.1043059551,26.8123606439,0.055661745
-80.2709726211,25.9373606474,0.011110302
-80.2709726211,26.8540273104,0.009255473
-80.2709726211,27.1040273094,0.008525312
-80.2709726211,32.5623606209,0.014021922
-80.3126392876,26.3956939789,0.010661757
-80.3543059541,26.7290273109,0.010870828
-80.3959726206,26.9790273099,0.024641326
-80.3959726206,27.6040273074,0.06984149
-80.3959726206,27.8123606399,0.064410485
-80.3959726206,32.5623606209,0.005714312
-80.4376392871,26.4373606454,0.012199543
-80.4376392871,26.5623606449,0.022493878
-80.4376392871,27.2290273089,0.03205101
-80.4376392871,34.6040272794,3.3270253E-4
-80.4793059536,27.9373606394,0.025123084
-80.6459726196,25.6040273154,0.011484118
-80.6459726196,28.2706939714,0.047515385
-80.6876392861,26.0206939804,0.005947946
-80.7709726191,25.5206939824,0.058824327
-80.7709726191,25.5623606489,0.06227835
-80.7709726191,27.8123606399,0.020831175
-80.7709726191,32.1456939559,0.013238962
-80.7709726191,33.4373606174,7.511746E-4
-80.8126392856,27.1040273094,0.015598882
-80.8126392856,34.7706939454,2.7017327E-4
-80.8543059521,26.3540273124,0.001380074
-80.8543059521,34.4373606134,6.009389E-4
-80.9376392851,26.5623606449,0.015309079
-81.0209726181,28.7706939694,0.009783853
-81.0209726181,29.2706939674,0.007372317
-81.0209726181,32.3956939549,0.0067055
-81.0626392846,27.2290273089,0.05357348
-81.0626392846,34.6873606124,3.3820202E-4
-81.1043059511,29.2290273009,0.046239685
-81.1043059511,35.3540272764,1.3742236E-4
-81.1459726176,35.5623606089,4.0568569E-4
-81.2293059506,25.9373606474,0.028287109
-81.3126392836,26.3123606459,0.013381262
-81.3126392836,29.7290272989,0.03674979
-81.3126392836,29.9790272979,0.031023806
-81.3126392836,30.0206939644,0.030994995
-81.3126392836,33.6040272834,6.707767E-4
-81.3543059501,29.9373606314,0.037617903
-81.3543059501,31.3956939589,0.003843586
-81.3959726166,30.9790272939,0.0115088895
-81.3959726166,35.9790272739,1.9156295E-4
-81.4376392831,28.4373606374,0.052522026
-81.4793059496,31.3123606259,0.0033315425
-81.4793059496,33.4790272839,6.976776E-4
-81.4793059496,34.8540272784,3.8650306E-4
-81.5209726161,25.9790273139,0.024811849
-81.5209726161,27.6456939739,0.021564413
-81.5209726161,29.3123606339,0.032879964
-81.5209726161,33.6873606164,8.6504326E-4
-81.5209726161,34.7290272789,0.0017068271
-81.5626392826,34.9373606114,2.1864343E-4
-81.5626392826,35.6456939419,8.592434E-5
-81.5626392826,35.9790272739,1.8321878E-4
-81.6459726156,35.6040272754,1.2518224E-4
-81.7293059486,30.1456939639,0.01312998
-81.7709726151,27.7706939734,0.039973296
-81.7709726151,29.1040273014,0.032030527
-81.8126392816,30.6040272954,0.01184226
-81.8126392816,35.3123606099,1.2354647E-4
-81.8543059481,30.3123606299,0.059596293
-81.8543059481,30.5206939624,0.012691215
-81.8543059481,30.9790272939,0.0035241735
-81.8959726146,35.9373606074,6.837467E-6
-81.9376392811,27.9373606394,0.02242012
-81.9376392811,31.8956939569,0.0070539503
-81.9376392811,34.1873606144,3.322485E-4
-81.9793059476,28.8540273024,0.030381054
-81.9793059476,35.0206939444,4.2525944E-4
-81.9793059476,35.9790272739,5.867134E-5
-82.0209726141,31.7706939574,0.0029672359
-82.0209726141,35.4790272759,4.856665E-5
-82.0209726141,35.8956939409,3.7277525E-5
-82.0626392806,33.5623606169,8.824201E-4
-82.1043059471,34.2706939474,2.6744202E-4
-82.1459726136,35.4790272759,2.67123E-5
-82.1459726136,35.9790272739,9.76685E-5
-82.1876392801,35.5206939424,7.130781E-5
-82.1876392801,35.7706939414,6.230922E-5
-82.2293059466,35.7706939414,5.380751E-5
-82.2293059466,35.8123606079,5.8133584E-5
-82.2709726131,26.9373606434,0.016096085
-82.2709726131,35.8956939409,1.0162553E-4
-82.3126392796,27.5623606409,0.009347566
-82.3126392796,34.8123606119,3.8952666E-4
-82.3126392796,35.3123606099,8.182084E-6
-82.3126392796,35.3540272764,5.33498E-6
-82.3126392796,35.7706939414,1.4099309E-5
-82.3543059461,27.9790273059,0.03793776
-82.3543059461,30.7706939614,0.00937172
-82.3543059461,35.1040272774,9.8956756E-5
-82.3543059461,35.2706939434,4.3877626E-5
-82.3543059461,35.3123606099,2.1196243E-5
-82.3543059461,35.3540272764,3.371935E-5
-82.3959726126,34.6040272794,9.984009E-4
-82.3959726126,35.7290272749,1.2863167E-4
-82.3959726126,35.9373606074,7.761027E-5
-82.4376392791,35.9790272739,1.2498551E-4
-82.4793059456,32.0206939564,0.0015622758
-82.4793059456,34.1873606144,0.002307957
-82.5209726121,35.5206939424,8.1441474E-5
-82.5626392786,29.4790272999,0.020190598
-82.5626392786,30.5206939624,0.010939375
-82.5626392786,35.1873606104,3.1183952E-6
-82.6043059451,35.1456939439,4.9339587E-6
-82.6043059451,35.3956939429,1.5264392E-4
-82.6459726116,34.7290272789,3.9885726E-4
-82.6459726116,35.2706939434,7.387994E-5
-82.6459726116,35.4790272759,1.3785494E-4
-82.6459726116,35.9373606074,3.834828E-4
-82.6876392781,28.7706939694,0.03558122
-82.6876392781,34.8540272784,4.8170754E-4
-82.6876392781,34.8956939449,3.6623672E-4
-82.6876392781,35.0623606109,3.931679E-5
-82.6876392781,35.2706939434,8.295843E-5
-82.6876392781,35.4373606094,1.0350819E-4
-82.7293059446,32.3540272884,0.0014001108
-82.7709726111,27.9790273059,0.07233227
-82.7709726111,34.8540272784,7.48197E-5
-82.7709726111,35.0206939444,1.8919069E-5
-82.7709726111,35.8123606079,6.8837457E-4
-82.8126392776,34.3540272804,0.0014221538
-82.8126392776,34.7706939454,9.934522E-5
-82.8126392776,35.3123606099,1.5355085E-5
-82.8543059441,34.0206939484,0.0013885405
-82.8543059441,34.4790272799,0.0014405596
-82.8543059441,35.3540272764,1.6519585E-6
-82.8543059441,35.4373606094,1.0037127E-4
-82.8543059441,35.6873606084,3.9759816E-5
-82.8543059441,35.8956939409,7.653922E-4
-82.8543059441,35.9790272739,3.0559505E-4
-82.8959726106,34.6873606124,1.2570838E-4
-82.8959726106,35.1456939439,7.4084082E-6
-82.8959726106,35.2290272769,1.1304264E-5
-82.8959726106,35.6456939419,6.560255E-5
-82.8959726106,35.9373606074,3.8925422E-4
-82.9376392771,29.8956939649,0.028562414
-82.9376392771,34.0206939484,0.0020178282
-82.9793059436,32.8956939529,0.006083104
-82.9793059436,34.7290272789,1.088447E-4
-83.0209726101,34.9790272779,1.787743E-5
-83.0209726101,35.0623606109,1.9461995E-6
-83.1043059431,29.1873606344,0.028171748
-83.1043059431,30.1456939639,0.0038710583
-83.1043059431,33.9790272819,4.4411037E-4
-83.1043059431,34.6873606124,6.498587E-4
-83.1043059431,35.1873606104,1.8019454E-6
-83.1459726096,33.0623606189,0.007412883
-83.1459726096,33.9790272819,4.1289598E-4
-83.1459726096,35.0623606109,5.915407E-6
-83.1876392761,30.0623606309,0.0077334777
-83.1876392761,35.6040272754,1.932516E-5
-83.2293059426,35.0623606109,1.243438E-6
-83.2293059426,35.6873606084,1.35649725E-5
-83.2709726091,33.0623606189,6.47215E-4
-83.2709726091,34.8123606119,1.4121528E-4
-83.3126392756,32.3540272884,0.0045016916
-83.3126392756,34.8540272784,2.6622432E-5
-83.3126392756,35.2706939434,2.2188797E-5
-83.3126392756,35.6456939419,1.625692E-5
-83.3543059421,29.6456939659,0.0252878
-83.3543059421,34.9790272779,2.1846421E-5
-83.3543059421,35.3540272764,1.7217417E-5
-83.4793059416,32.4373606214,0.008051869
-83.4793059416,34.1040272814,0.0016903181
-83.4793059416,34.8123606119,1.133627E-5
-83.4793059416,34.8956939449,1.5152699E-5
-83.5209726081,31.8540272904,0.0017640806
-83.5209726081,34.5206939464,1.4627178E-4
-83.5209726081,34.6040272794,3.3777492E-4
-83.5209726081,34.8123606119,5.715281E-5
-83.5209726081,35.0623606109,9.225023E-6
-83.5626392746,29.9790272979,0.039004516
-83.5626392746,34.4373606134,9.341933E-5
-83.6043059411,33.1040272854,0.005522511
-83.6043059411,35.4790272759,4.149053E-5
-83.6459726076,31.8540272904,0.010830683
-83.6459726076,35.5206939424,6.239195E-5
-83.6459726076,35.6873606084,0.0011961812
-83.6876392741,33.0623606189,0.004418933
-83.6876392741,33.2290272849,0.004784073
-83.6876392741,35.0623606109,2.5816375E-5
-83.6876392741,35.3540272764,1.7188753E-4
-83.6876392741,35.4373606094,0.0011728869
-83.7293059406,32.6873606204,0.0064083417
-83.7293059406,34.6456939459,5.159547E-5
-83.7293059406,34.7290272789,6.0754297E-5
-83.7293059406,35.1040272774,5.8628342E-5
-83.7293059406,35.6040272754,2.3718453E-4
-83.7709726071,34.7290272789,3.0331603E-5
-83.7709726071,35.0206939444,2.2683677E-4
-83.8126392736,31.2290272929,0.0015644206
-83.8126392736,33.9790272819,0.0033379626
-83.8126392736,34.8956939449,1.1275209E-5
-83.8126392736,34.9373606114,4.6560464E-5
-83.8543059401,34.5623606129,4.5270682E-4
-83.8959726066,33.0623606189,0.002273604
-83.8959726066,34.9373606114,4.3325246E-5
-83.9376392731,35.5206939424,1.9899379E-4
-84.0209726061,35.3123606099,7.4281497E-6
-84.1043059391,31.3123606259,0.0024510077
-84.1459726056,34.1040272814,8.911616E-4
-84.1459726056,34.6456939459,2.5299798E-5
-84.1459726056,34.6873606124,3.724457E-5
-84.1876392721,30.3956939629,0.0032503265
-84.2293059386,33.0623606189,0.0036109097
-84.2293059386,34.4373606134,5.813826E-4
-84.2709726051,32.9373606194,0.012109576
-84.2709726051,33.8123606159,0.0046802014
-84.3126392716,34.3123606139,0.0014143664
-84.3543059381,29.9373606314,0.019523079
-84.3543059381,34.9373606114,0.0010103765
-84.3959726046,34.7706939454,8.2882226E-4
-84.3959726046,34.8123606119,7.0028275E-4
-84.4376392711,34.3123606139,0.0031737913
-84.4376392711,35.1040272774,1.1064249E-4
-84.4793059376,33.9790272819,0.0027596112
-84.4793059376,34.6456939459,6.920609E-4
-84.5209726041,32.5206939544,0.01115884
-84.5209726041,35.0206939444,7.516531E-5
-84.5626392706,34.0623606149,8.743987E-4
-84.6043059371,35.1456939439,1.1384991E-4
-84.6459726036,34.6873606124,3.0116367E-4
-84.6876392701,34.1873606144,0.004534745
-84.7709726031,31.8956939569,0.013047969
-84.8126392696,31.7706939574,0.012979082
-85.0209726021,33.7706939494,0.004036958
-85.0209726021,35.8956939409,0.0013005937
-85.0209726021,35.9790272739,0.0013418428
-85.0626392686,29.6873606324,0.07766887
-85.0626392686,31.0206939604,0.0062818904
-85.0626392686,31.8123606239,0.007816157
-85.0626392686,34.5206939464,5.5643055E-4
-85.1043059351,29.6040272994,0.08444843
-85.1043059351,31.6873606244,0.013160852
-85.1459726016,35.8123606079,3.0859438E-4
-85.2293059346,35.2290272769,0.0012819052
-85.2709726011,35.2290272769,2.1175796E-4
-85.3126392676,35.7290272749,3.5964834E-4
-85.3543059341,29.7290272989,0.0856493
-85.3543059341,35.5623606089,0.001275261
-85.3959726006,29.8540272984,0.06628985
-85.3959726006,35.8540272744,9.5815916E-4
-85.4376392671,35.1456939439,1.5740983E-4
-85.4376392671,35.4373606094,2.8850156E-4
-85.4793059336,31.7290272909,0.011469177
-85.5209726001,30.4790272959,0.0035470598
-85.5626392666,35.2706939434,1.0567951E-4
-85.5626392666,35.5206939424,4.1805435E-4
-85.6043059331,35.4373606094,0.004364315
-85.6459725996,30.1456939639,0.032895476
-85.6459725996,34.4790272799,9.2643057E-4
-85.6876392661,30.5623606289,0.0029652952
-85.6876392661,35.1456939439,8.3364145E-4
-85.6876392661,35.3540272764,3.3069303E-4
-85.7293059326,32.6456939539,0.0043654656
-85.7709725991,31.0206939604,0.0019780868
-85.7709725991,35.6456939419,0.002261266
-85.8126392656,32.5623606209,0.005966632
-85.8126392656,35.0623606109,0.0049974793
-85.8126392656,35.4373606094,2.81753E-4
-85.8959725986,30.6873606284,0.0021328134
-85.8959725986,35.3540272764,0.0010431501
-85.9376392651,31.0623606269,0.004231543
-85.9793059316,30.8123606279,0.0016959639
-86.0209725981,31.1040272934,0.0044641453
-86.0209725981,31.2290272929,0.0027716197
-86.0209725981,35.6873606084,0.004707908
-86.0626392646,34.4373606134,0.0015350776
-86.0626392646,35.0206939444,0.0010789376
-86.1876392641,31.2290272929,0.0021205647
-86.1876392641,35.0623606109,0.0018675276
-86.2293059306,30.8540272944,0.0019108439
-86.2293059306,33.3123606179,0.003180066
-86.2709725971,35.8956939409,0.0045408
-86.3126392636,32.3956939549,0.0023174183
-86.3126392636,32.4373606214,0.0027615745
-86.3126392636,33.1040272854,0.0031285698
-86.3543059301,31.1456939599,0.0042275707
-86.3543059301,34.8123606119,0.0012138434
-86.3959725966,30.6873606284,0.0018964363
-86.4793059296,31.2706939594,0.00516197
-86.5209725961,30.8540272944,0.0018517228
-86.5626392626,31.0623606269,0.0020665743
-86.5626392626,34.1873606144,0.0014456873
-86.7293059286,32.2290272889,0.010268796
-86.7709725951,30.5206939624,0.0015072539
-86.8126392616,31.3540272924,0.0085285595
-86.8543059281,30.3956939629,0.0048560533
-86.8543059281,35.0206939444,0.001918809
-86.8959725946,30.6456939619,0.0016740385
-86.9793059276,30.3540272964,0.030084018
-87.0626392606,30.9373606274,0.002478044
-87.0626392606,32.3123606219,0.004412769
-87.1459725936,33.2290272849,0.0025023746
-87.1876392601,30.8956939609,0.002074652
-87.1876392601,31.1040272934,0.004208025
-87.3959725926,34.6873606124,0.0063522174
-87.4376392591,31.1456939599,0.0052013667
-87.4793059256,32.9790272859,0.002368728
-87.4793059256,33.9373606154,0.0012131478
-87.4793059256,35.7706939414,0.0016833341
-87.6459725916,34.1873606144,0.0010929871
-87.6876392581,32.4373606214,0.0045140344
-87.6876392581,33.1873606184,0.0075887204
-87.7709725911,30.8123606279,0.00263142
-87.8543059241,30.5623606289,0.0025401781
-87.8543059241,30.8123606279,0.003841219
-87.9376392571,31.1040272934,0.0026996643
-87.9376392571,32.6456939539,0.011616805
-87.9376392571,35.1040272774,0.0021858772
-87.9376392571,35.2290272769,0.005997939
-87.9376392571,35.9373606074,0.0016393946
-88.0209725901,33.8540272824,0.0012900602
-88.0209725901,34.6873606124,0.0016270973
-88.0209725901,35.4790272759,0.005803314
-88.0626392566,33.6456939499,0.0020156223
-88.1876392561,30.7706939614,0.002144954
-88.1876392561,31.7706939574,0.0017726414
-88.1876392561,33.6873606164,0.002254793
-88.2293059226,31.1873606264,0.0039077704
-88.3126392556,30.8540272944,0.002647927
-88.3126392556,33.9373606154,2.0483359E-4
-88.3126392556,34.9373606114,0.0014693748
-88.3543059221,33.7706939494,0.0015400765
-88.3543059221,35.5623606089,0.0010477979
-88.4793059216,31.6040272914,0.0054283543
-88.4793059216,32.1040272894,0.0038210314
-88.5209725881,30.9373606274,0.001607549
-88.5209725881,34.0623606149,3.1882076E-4
-88.5626392546,30.3956939629,0.02446028
-88.5626392546,33.9790272819,6.214214E-4
-88.6043059211,30.4790272959,0.0027507222
-88.6043059211,31.1456939599,0.0020650157
-88.6876392541,31.8123606239,4.935791E-4
-88.7293059206,31.1456939599,0.0022575615
-88.7709725871,30.6456939619,0.002377509
-88.8543059201,33.6873606164,4.227581E-4
-88.9376392531,31.6040272914,0.0016142783
-88.9376392531,33.3956939509,9.2971185E-4
-88.9793059196,29.8123606319,0.02536186
-88.9793059196,35.7290272749,0.0012582549
-89.0626392526,29.0623606349,0.041286744
-89.0626392526,29.1873606344,0.03786956
-89.0626392526,29.5206939664,0.023956653
-89.0626392526,34.5206939464,0.0015388941
-89.1043059191,30.7290272949,0.0025097395
-89.1043059191,35.1456939439,0.0010035313
-89.1459725856,29.2706939674,0.037368
-89.1876392521,33.6456939499,7.4215926E-4
-89.2293059186,34.8956939449,9.6913957E-4
-89.2709725851,29.3540273004,0.03471204
-89.2709725851,34.1040272814,0.002231852
-89.2709725851,34.1456939479,0.001552634
-89.2709725851,35.9790272739,0.0016564543
-89.3126392516,35.1873606104,0.0013498252
-89.3543059181,34.4790272799,0.0013995384
-89.3959725846,31.1456939599,0.0011175725
-89.4376392511,29.6873606324,0.030623563
-89.4376392511,35.0623606109,0.0015837258
-89.4793059176,29.2290273009,0.036309794
-89.4793059176,35.3123606099,0.0014639735
-89.5209725841,29.8123606319,0.03226197
-89.5209725841,34.2706939474,0.008377859
-89.5209725841,35.0206939444,0.0017198465
-89.5209725841,35.1040272774,3.8670775E-4
-89.5209725841,35.5623606089,0.0027748835
-89.5626392506,29.9373606314,0.036022067
-89.5626392506,35.9373606074,0.0015387272
-89.6043059171,30.6456939619,0.0031681631
-89.6043059171,31.6456939579,0.0011297407
-89.6459725836,32.5623606209,0.002754809
-89.7709725831,29.6040272994,0.02249503
-89.8126392496,30.2290272969,0.056451753
-89.9376392491,31.0623606269,8.425244E-4
-89.9376392491,31.4373606254,0.0029162832
-89.9376392491,34.8123606119,0.005559732
-89.9793059156,33.2706939514,9.0745505E-4
-90.0209725821,30.6040272954,0.0013675024
-90.0209725821,30.7706939614,9.1636676E-4
-90.0209725821,33.8540272824,0.002709667
-90.0626392486,29.1456939679,0.030921593
-90.1043059151,35.5206939424,0.0022822265
-90.1459725816,30.7290272949,7.3733577E-4
-90.1876392481,30.8540272944,0.0014492986
-90.2709725811,29.1040273014,0.030439718
-90.2709725811,30.8540272944,6.4524217E-4
-90.3543059141,30.3540272964,0.0014857388
-90.3543059141,33.7706939494,0.0029717146
-90.4376392471,33.0623606189,0.0018730907
-90.4793059136,33.6456939499,0.0032240709
-90.4793059136,34.0206939484,0.0035716125
-90.5209725801,30.1456939639,0.0017081641
-90.5209725801,35.8956939409,2.0264224E-4
-90.6043059131,35.9790272739,0.0025846
-90.6459725796,33.5206939504,0.007724559
-90.6459725796,34.9373606114,7.4970775E-4
-90.6459725796,35.1040272774,0.0018730754
-90.6876392461,29.3956939669,0.021171935
-90.6876392461,34.7706939454,0.0012477149
-90.7293059126,30.4790272959,8.9378515E-4
-90.7293059126,32.5623606209,0.004489383
-90.7293059126,33.2706939514,0.0053039384
-90.7293059126,35.0623606109,0.0010817852
-90.7709725791,32.3956939549,0.0025046563
-90.7709725791,34.3123606139,0.0063292296
-90.7709725791,35.0623606109,0.001384841
-90.7709725791,35.6456939419,4.5757776E-4
-90.8126392456,29.8956939649,0.0026414157
-90.8126392456,30.2706939634,9.984918E-4
-90.8126392456,34.4790272799,0.0040788576
-90.8543059121,30.3123606299,9.5221883E-4
-90.8959725786,30.9373606274,5.1009806E-4
-90.8959725786,32.3540272884,0.0074877976
-90.9376392451,29.2706939674,0.021951094
-90.9376392451,31.8956939569,0.002379071
-90.9793059116,29.3123606339,0.021730943
-90.9793059116,30.0623606309,0.0017229008
-90.9793059116,32.2290272889,0.0052445214
-90.9793059116,33.2706939514,0.0073527372
-91.0209725781,29.8123606319,0.022917653
-91.0209725781,29.9790272979,0.0016617634
-91.1043059111,31.8956939569,0.0038213197
-91.1043059111,32.6040272874,0.0036299455
-91.1043059111,35.6456939419,3.7536147E-4
-91.2293059106,34.3956939469,0.004761126
-91.3126392436,29.6040272994,0.02221612
-91.3543059101,31.3540272924,0.0014107316
-91.3959725766,30.2290272969,0.0012457649
-91.3959725766,31.2290272929,0.0015715813
-91.3959725766,31.6456939579,0.0032100573
-91.4376392431,29.9373606314,0.0018906579
-91.4376392431,30.3123606299,0.0010917882
-91.4376392431,35.9373606074,0.0012025462
-91.4793059096,30.4373606294,7.270377E-4
-91.4793059096,31.5206939584,0.0015409738
-91.4793059096,31.5623606249,0.0016716666
-91.4793059096,31.8956939569,0.0022850186
-91.4793059096,32.3123606219,0.0029501722
-91.4793059096,35.8956939409,9.570706E-4
-80.0157244020024,26.7799795105426,0.05555367
-80.0263202667412,26.8104589357502,0.05457936
-80.0449964004332,26.7243311586877,0.05718339
-80.0495733941514,26.5373481539859,0.040450558
-80.0513042798064,26.3029044079021,0.014886158
-80.055451530312,26.6140624080015,0.05893825
-80.0557425766169,26.391737351715,0.015162953
-80.0599027225617,26.4184810681209,0.043074112
-80.062632532352,26.2616358540535,0.014734634
-80.0711870030968,26.9640545230238,0.055698853
-80.0733986885347,26.773747908574,0.05763911
-80.0917571067243,26.2278521432865,0.016131941
-80.1179672409653,26.0216071088738,0.019640407
-80.1217671410498,26.3421876709358,0.013971329
-80.1305230290241,26.6579421058193,0.080467835
-80.1430012473558,26.9905280416635,0.081157826
-80.1656179044558,27.1758902293886,0.050185695
-80.1699796157435,27.2344890383804,0.04984502
-80.1717498061501,26.7346248743959,0.05537799
-80.1759659556677,26.1928568050138,0.00703373
-80.2136252569665,26.0324590474013,0.009868948
-80.2216764270192,26.6190859734187,0.055919107
-80.2234258415234,26.7853466918606,0.029945413
-80.2244227073773,26.407289994612,0.056511316
-80.2315729658851,26.1031999114518,0.010435006
-80.2445892829169,26.4828206181976,0.055333667
-80.2449127049835,26.8484737367925,0.028851204
-80.2556330081082,27.4303052935958,0.079252
-80.2637780741886,27.0249285570656,0.009043677
-80.2678965660541,26.7084245560313,0.01015762
-80.2684582912308,26.9145049329371,0.008940379
-80.27197648722,27.4876765995745,0.05482863
-80.2733640040111,26.2326048994129,0.007903813
-80.2760898196069,26.5634329391787,0.008770379
-80.285115224544,27.2268603504989,0.054675672
-80.2908478594514,26.698457354298,0.011073298
-80.2926030922914,26.5085052977088,0.009084988
-80.293051311293,26.3218284530798,0.058285426
-80.296679674274,26.2065348325959,0.04252226
-80.3027857850899,27.5506263240079,0.055640105
-80.3059841542351,27.2244833094614,0.010452331
-80.309314852826,26.2533656900894,0.057743758
-80.3100466845208,26.5928088451731,0.0077019413
-80.3213670529925,27.0051084618637,0.011438599
-80.322181641679,27.5314231361801,0.055905465
-80.3240570021545,26.7744497394063,0.009537138
-80.3398905681403,27.7231656031971,0.054087717
-80.3420742596804,27.3667947568869,0.013944132
-80.3437599730337,26.3031755352107,0.011804174
-80.3450015017676,26.2115789358499,0.058768917
-80.3481175165037,26.6785257367243,0.010612869
-80.3501033641376,26.8299838498894,0.0118599115
-80.3514198373734,26.6388429197673,0.009957348
-80.3625070552278,26.8906818872542,0.017569043
-80.3664927949712,27.0248909895031,0.009623509
-80.3685859389289,26.8497420770198,0.014478131
-80.3838114310849,26.8695676895777,0.024453105
-80.3872085551866,27.1610851258572,0.021846969
-80.3872582651575,27.7680555360158,0.06550427
-80.3881672215269,26.6477620106819,0.025286889
-80.40589206786,27.7263222976621,0.06542607
-80.4084247345943,26.5983923019358,0.018074105
-80.4087452950195,27.310553777802,0.014746709
-80.4103121011224,27.2210343375785,0.017097728
-80.4130685873316,26.5741616751397,0.011484311
-80.41343032971,26.5041616316584,0.0108716125
-80.4137119462086,26.1418390448121,0.054206826
-80.4201556971899,26.3839312343114,0.010101612
-80.4232526285347,26.6339921777399,0.018448358
-80.4263824149886,26.5423964230172,0.022493878
-80.4348415573153,27.7231680216704,0.014638792
-80.4378075220616,27.8426189878044,0.06523555
-80.4463406445442,27.120106341691,0.016162664
-80.4486116856108,26.9284493528303,0.029636139
-80.4507858592773,27.1860899591502,0.032019693
-80.4510616445676,26.8537588250832,0.02261582
-80.4581640301184,27.3560446159227,0.014035654
-80.4601454335663,26.7537845429135,0.025616456
-80.4643462947541,26.7078539333111,0.019889254
-80.4783900364814,26.3926357570658,0.009690888
-80.4968538299949,27.8883206811918,0.021620449
-80.4994725506759,26.9586384459537,0.01979902
-80.5145302215139,27.894081690162,0.024337104
-80.5225331528393,27.8480862918477,0.019708198
-80.5301161019923,27.671493852803,0.017738283
-80.5301175912892,28.4855242185168,0.019398954
-80.5304242867487,28.424068582865,0.023739725
-80.5370304451001,27.4968930648016,0.012458437
-80.5373162734501,27.2058478414713,0.0078278305
-80.5420546496756,27.010408348366,0.011290638
-80.5431309480158,27.6624543811005,0.018545542
-80.5598725943277,27.1098955487668,0.018156365
-80.5667419243144,28.5410163488947,0.021789577
-80.5781894830824,28.4595765507442,0.023433255
-80.5875992904878,28.5847049979196,0.024641475
-80.5876181724701,28.489920718454,0.009053863
-80.5906529249273,27.4708495770186,0.015053396
-80.5975216915808,28.659235432777,0.02604765
-80.5995678463167,28.1698517272188,0.049493894
-80.6177762093359,28.3081154991972,0.008188744
-80.6305434777778,28.59094711596,0.019175366
-80.6311242075403,27.1409845172536,0.010421503
-80.6328616177972,27.5659950921069,0.016813667
-80.640955221114,27.6968145944032,0.020071702
-80.6456740732187,28.2245820718858,0.035156216
-80.6520640911494,28.3453273616136,0.00709489
-80.6525060325616,28.2700109437956,0.047515385
-80.6531818310925,28.1689021793307,0.046962075
-80.6754068566616,28.2588304393982,0.011013008
-80.7161684061593,28.3656719908138,0.012985257
-80.7229744210946,27.4112811375788,0.018023632
-80.7244629566202,27.9124911423094,0.011427695
-80.7249122131217,28.4342740718667,0.021432402
-80.7269928111627,28.7595262320233,0.021021238
-80.7357524664128,28.1849134679832,0.010380038
-80.7389901199804,27.6370330197673,0.015740206
-80.7424721345498,27.8169266439922,0.021238675
-80.7487626029491,27.6180805552083,0.02022022
-80.7498158440327,27.426184453415,0.01819117
-80.766271572122,28.3797664347277,0.016056797
-80.777318638302,28.750925178474,0.014648513
-80.8032401631624,28.0130293544886,0.0115230605
-80.8120701026414,28.9567878430917,0.018017942
-80.828883059615,28.9106623766724,0.022347344
-80.8328881789765,28.205025163617,0.06711231
-80.8357703056682,28.9615949750643,0.020382369
-80.8443823279942,28.6301208941319,0.02962398
-80.8588409341728,28.4745527697377,0.0068799444
-80.8743811411032,28.3350246821712,0.017377438
-80.8802748530291,28.7753733039655,0.03453588
-80.886782581765,27.9587519927117,0.005877647
-80.8979387444703,28.3004708602505,0.012292428
-80.9032474508903,28.8863354226718,0.03136444
-80.9062387106844,28.2293053270673,0.009135674
-80.9154550323431,28.0673652429964,0.007948142
-80.9239326906464,28.5851780993213,0.027327312
-80.9610273649396,28.8097142571635,0.033811655
-80.966690789695,27.9785022720332,0.013567277
-81.0059851503594,28.7899592409332,0.009783853
-81.02658460147,29.0979517039669,0.011349034
-81.0342207332128,28.3737008235942,0.027281037
-81.0443465768502,28.4449399497419,0.011247619
-81.0480894667876,27.8224561275459,0.015275927
-81.0573459679067,28.7153665035446,0.020982284
-81.0627828905849,27.1693606262761,0.05345628
-81.0636026078244,29.1717473047944,0.011130461
-81.0857974423628,29.4974226765982,0.047378175
-81.1203736535779,28.1646832589195,0.021363385
-81.1241551912151,26.8039139171407,0.019895097
-81.1276116273825,28.8572952448956,0.044286877
-81.1367024478809,28.2696426140283,0.02574257
-81.1558432052095,26.9946647862505,0.016333513
-81.1624343475182,29.2416202795494,0.044252258
-81.1734207900401,28.8908797722071,0.03586782
-81.1887561326318,29.2674725285714,0.042871796
-81.1890540602823,27.301175683116,0.025577838
-81.2014479061111,29.5176205612022,0.049406897
-81.2017734853583,29.0658422171345,0.042057153
-81.204893164625,29.2428409282046,0.043076936
-81.2150657999212,26.7435646787837,0.016177924
-81.2223411992351,27.2460355398348,0.05346567
-81.2269466239701,29.0307354188764,0.040639345
-81.2409661941762,26.7650702700645,0.017180895
-81.2467513180445,29.6428786121136,0.039189104
-81.2538751857637,27.9036267974723,0.07865098
-81.2551565202603,27.9692348503327,0.026581747
-81.2579942558758,28.2840026552859,0.077742256
-81.2727406773371,29.0827530247741,0.03877238
-81.2828790174417,27.6973602857336,0.011715163
-81.28647948927,27.6508491323364,0.014200448
-81.2887349983695,28.5651079485192,0.055071115
-81.3005681874474,29.5025765933477,0.045499902
-81.3090964119065,29.8797619446113,0.037925597
-81.3119605638203,29.5786221958605,0.03581851
-81.3131573905733,27.5178176363821,0.02934687
-81.3142092611177,27.7218686571255,0.012852429
-81.3191485224006,29.9788375181903,0.031023806
-81.3200748183952,27.9031302407348,0.0180602
-81.3259353570861,27.1559630183296,0.045519266
-81.3332523625996,27.0939919075055,0.036926117
-81.3350635023893,27.1616946899441,0.026352756
-81.3353135333783,27.5817231736276,0.080099806
-81.355354300228,28.9060583497351,0.053102326
-81.3565089407296,29.1830554000888,0.035955083
-81.3579464508459,28.0073328689885,0.027081545
-81.367248989478,29.5283313846673,0.036746465
-81.3680671569038,30.0943616368269,0.024613364
-81.3715471551848,29.3237051708895,0.036046658
-81.3721793933145,27.0592490595933,0.03499009
-81.3747499154558,27.9137509443985,0.027073132
-81.3775297607996,29.5331775992734,0.03679848
-81.381578782628,28.1730079529582,0.07936497
-81.3842203192042,27.274695201455,0.037076775
-81.3892260642386,26.9999404355789,0.03016395
-81.3916722414772,30.4207218884357,0.032256912
-81.4058586797226,27.3316782559789,0.08158662
-81.4071183548169,29.0456233960152,0.05100437
-81.4082137329377,28.6394526810241,0.051523387
-81.411246767374,29.67404625344,0.04437087
-81.419501487897,27.5617857601257,0.019976828
-81.4212142581173,26.8030859403593,0.019532846
-81.4214798267245,30.4223345459367,0.032509904
-81.4227201368787,28.1030711925565,0.116518706
-81.4233837773976,28.9675389362084,0.032480493
-81.4234674601175,30.9627422488236,0.010787481
-81.4303152533056,29.9049114553379,0.035195943
-81.4308158826981,29.447603648896,0.03405564
-81.4395549232671,30.0100094444641,0.034489866
-81.4473331073488,27.0450401812648,0.03092234
-81.4492512433895,29.1718285004903,0.033807527
-81.4549274919999,29.6289437545385,0.034745444
-81.4558532172046,29.6795255059579,0.035313502
-81.4563421972882,30.6664852981774,0.012446551
-81.4566541145486,30.9124805210954,0.01246411
-81.4585572291307,29.582622865919,0.03409498
-81.463077873129,29.1976625390168,0.033461284
-81.4741637096123,29.2884631796323,0.033666268
-81.4863329050559,27.4407710931349,0.019577686
-81.4915288811103,30.124395468992,0.031967342
-81.4953591259902,29.6980501145508,0.03326287
-81.4976347961686,28.2330156367515,0.03267728
-81.4993975177211,28.6455366106743,0.026976677
-81.5022501009367,30.7164036806369,0.0052733757
-81.5049666987318,29.2329094131874,0.032498214
-81.5053991168546,27.7937345912651,0.06873149
-81.507585591466,27.5326510961754,0.014991525
-81.5075938395048,30.6672574873415,0.031355552
-81.5076543297273,30.4068518470617,0.026626108
-81.5115420713228,27.7633104929314,0.021352896
-81.5121510162506,29.7130999459092,0.031813115
-81.5171765839087,29.3786621202478,0.034291305
-81.5270475186274,27.8489207119334,0.016896773
-81.5350981634939,29.6389048204666,0.032172468
-81.5368617249834,29.0715972331103,0.03140983
-81.5424152295243,28.8372497589324,0.03337581
-81.5481580427322,28.6656698878557,0.03926129
-81.5503920369322,28.9720479154139,0.033089846
-81.5506732820093,27.8872192746326,0.039376866
-81.5756676580656,29.7632559035529,0.030667452
-81.5762052209829,28.9412040995058,0.022976715
-81.5803926120958,30.6157510795563,0.031984974
-81.582454631838,29.1024732824946,0.031128965
-81.5831036094472,29.8137061244212,0.030113878
-81.5878384398999,27.4359993978248,0.021905174
-81.5886543293468,27.6972743249443,0.014134834
-81.5894168460975,26.999842312028,0.017123116
-81.589984100369,27.2213745525619,0.031795964
-81.5927993075248,29.3424839360147,0.030136257
-81.6097838379436,30.4003083555677,0.034978397
-81.6109234863423,30.9692346411268,0.012661974
-81.6128997630425,29.8645668343128,0.029110292
-81.6131908021261,28.5794618655364,0.03414289
-81.6155821354247,30.5053278090225,0.01193539
-81.6182351237469,27.4802897210979,0.03227481
-81.6195285175916,29.5134647038045,0.03256283
-81.6267601352369,30.7868241881128,0.0038398816
-81.6272528679183,30.8878501683265,0.0100776795
-81.6276114944215,30.4971259862985,0.0138808545
-81.6318337971195,27.4918576003712,0.031993445
-81.6322173874366,30.0506803882927,0.0128637
-81.6348998713552,30.3520276271565,0.011267128
-81.6373370942889,27.570741505789,0.021287434
-81.6400832226876,30.7275262053317,0.04060945
-81.6408553505596,28.5710330333172,0.032095872
-81.6417695619316,28.8308450095021,0.031562228
-81.6448718889359,30.9384051770979,0.00686147
-81.6470951706225,28.8559029402535,0.03134057
-81.6524291206,30.1295706777785,0.014169459
-81.6524670053628,29.5120559654508,0.029223211
-81.653498768124,29.7085011819,0.031710587
-81.6608548166986,28.2284492099335,0.031942904
-81.6645958240185,29.252627431839,0.029975276
-81.6649094227228,29.4035199839064,0.029673554
-81.6650010389662,30.2107878565528,0.05623793
-81.6805264019071,28.6697149062597,0.03696734
-81.6841618968568,30.0603535998946,0.007169688
-81.6904409225368,29.7429991494165,0.028124532
-81.6967512645793,28.7108531341017,0.047255997
-81.6973846262356,28.9818944099071,0.03131208
-81.6989741053009,28.9359119952871,0.046937287
-81.7032870820308,30.0153988372104,0.007770015
-81.703679924685,30.7870416362409,0.013502562
-81.7056722513172,30.2809688998672,0.01735652
-81.7061953962968,27.7813971989504,0.039662298
-81.7085527055916,29.464318001937,0.027013918
-81.7118110250951,28.811340605739,0.03698657
-81.7196289435908,30.535676631775,0.015798863
-81.7208613168462,30.877907546022,0.00716106
-81.7242277376034,29.1020594434656,0.030606683
-81.7295440517289,28.5200656703037,0.033977043
-81.7298951308081,28.6206651635781,0.029654106
-81.7300235376435,30.6279978273206,0.07418797
-81.7313399905501,29.1411046216464,0.030813467
-81.7372332414172,29.6496974642816,0.027077273
-81.7376837842367,29.3385386799523,0.028300852
-81.7416615868459,28.9215440569628,0.04052519
-81.7425985041467,29.7486703940264,0.07771853
-81.743598776922,30.6921580781245,0.015997993
-81.7455581786665,29.8885995561503,0.017402777
-81.7475401109113,30.1356596820747,0.01312998
-81.7481177541543,30.94718599001,0.0037598033
-81.7502447173316,28.7655751160616,0.079657175
-81.7530915151777,30.5174621574212,0.04891834
-81.7541010897397,30.9485554728772,0.0035623952
-81.7557350897062,28.8668430601753,0.018620607
-81.7571285399801,28.9964135936164,0.02918162
-81.7602669002908,29.3530181347526,0.045455266
-81.7616491090191,30.5917236820185,0.065098405
-81.7627775763889,27.7525926014075,0.039973296
-81.764728426411,28.7451672722256,0.036472034
-81.7675070421078,29.0276757770314,0.02038501
-81.7676962134934,29.1160357450175,0.032030527
-81.7742623538412,29.0718206488979,0.03667045
-81.7795716913325,29.2728682458215,0.060304053
-81.7827600357065,28.9269722852842,0.0223504
-81.7829229095513,28.4959514377361,0.022960836
-81.7893129475759,30.1612129174616,0.014833479
-81.7899786829532,27.6014116582447,0.014657006
-81.7917743878697,30.3659870502027,0.013622207
-81.7954640073854,29.3064731344946,0.048543565
-81.8024596475438,28.686477961652,0.030910129
-81.8028469556871,30.0458456364251,0.017211465
-81.8032911055348,30.1348532529731,0.016123626
-81.805127842015,30.3773123264156,0.047933474
-81.8057923644638,29.0923224065326,0.039622497
-81.8063034263908,29.9450170742455,0.026825478
-81.8067832710897,27.9388586133378,0.035518978
-81.809322562895,29.2683457544289,0.027901303
-81.8099193990251,30.8728757753896,0.0052140313
-81.8126170125635,29.1882364565739,0.039010204
-81.8127654906051,30.2395607922336,0.014761246
-81.8153636733697,28.4796098771325,0.024108475
-81.8162195918874,30.0147672402323,0.03531305
-81.8171071031361,28.5996556651338,0.026773375
-81.8181229681599,28.7916065389145,0.08505398
-81.822349907191,29.9652756039249,0.032314684
-81.8243177400947,29.0673077061839,0.012371031
-81.8258696821143,30.3058801770466,0.045654025
-81.8295932841116,29.8654325990701,0.011085126
-81.8356622236521,27.9482597026705,0.035183236
-81.8358676515592,27.832455416913,0.037540004
-81.8362190489998,28.5111379337114,0.020581676
-81.836624832932,30.7463385578911,0.0068871994
-81.8377801117262,29.1378100992426,0.05810394
-81.8392494067205,29.7839980716842,0.033798758
-81.8398201575507,28.7604439619932,0.08108338
-81.8404396153883,27.7311408380935,0.036799762
-81.8434254668858,27.7669752211265,0.03898881
-81.8435587936439,30.1694016100707,0.02565687
-81.8445419516721,30.4317444329453,0.075685404
-81.8453868519523,30.1643755913509,0.03567684
-81.8457298202742,30.3605571660321,0.015640259
-81.8464413134209,28.9573485819532,0.06547622
-81.8478735432602,29.6586432434387,0.028268324
-81.8478890530928,28.289955476397,0.010409056
-81.8523230795758,28.0388561039711,0.03610939
-81.8620061676092,29.3636795165998,0.027867766
-81.8661012840922,28.3596422892039,0.018515117
-81.866706721394,28.4344858341885,0.014811127
-81.8669971567214,28.3104307505443,0.011321861
-81.8684366061261,30.461841030245,0.004099989
-81.8687009360598,28.7361989991354,0.01798721
-81.8697538824865,28.8519349512068,0.036258012
-81.8728012156321,30.9117980986482,0.0051905615
-81.8768119869275,27.6114406107768,0.015327877
-81.8768261612279,30.1599026488189,0.010754326
-81.8787570425536,27.3472289798166,0.013002938
-81.8829524841423,30.5257850473587,0.009098353
-81.8851272947668,28.4551133946626,0.007755388
-81.8872625188555,29.6289813934737,0.016039498
-81.8877940749006,27.5472948253409,0.017117212
-81.8887018714017,30.6881460617703,0.0073292945
-81.8908339247497,28.735112864981,0.014089127
-81.8909907569506,29.6681619619606,0.0088522965
-81.8948438543027,28.8271324034061,0.0195582
-81.8978658743474,27.9041264630537,0.02192262
-81.903437807033,28.9468161928137,0.039321404
-81.9045140927359,30.2353886564098,0.061925553
-81.91142306954,29.5188072958118,0.03954727
-81.9125187693974,28.8768451836607,0.030911239
-81.9149856491489,29.4288015062264,0.020278504
-81.921288420063,29.2112674506531,0.006760513
-81.9296257677528,27.7417160628205,0.017439926
-81.9309461509617,27.9477844071915,0.02242012
-81.9315013221807,27.9723304084936,0.020139227
-81.93395256565,27.2398379207734,0.0043502757
-81.9345689297469,29.8096923745763,0.024760513
-81.9425416919408,28.2434715845824,0.009367136
-81.9438129359687,30.05564940271,0.07098558
-81.9466454333001,30.2500644071144,0.060563985
-81.9502816270594,28.5890816669467,0.008161501
-81.9507025568592,29.4643303791094,0.027882056
-81.952883624744,28.524951422743,0.010345841
-81.9602665913341,29.8401924557351,0.06818493
-81.9926674394233,30.0495844705281,0.0655042
-81.996736022185,29.7395630895902,0.025094496
-81.9974281429349,28.9120870021718,0.03758367
-82.0070784855904,30.6024160607633,0.01097867
-82.0092673698109,29.5836819650024,0.01161627
-82.0336214407785,29.8136755509946,0.007953516
-82.0341083131311,27.3520050686975,0.005926509
-82.0392649661454,27.8188689766461,0.022143623
-82.0402580080527,28.1883814592783,0.015967134
-82.0440877627534,28.0142868534269,0.01341823
-82.0465451903289,30.1304270228828,0.021698741
-82.0492709585157,27.7366687304967,0.040696878
-82.0569381065483,28.7660929368117,0.014060336
-82.0589637820794,29.2171289891615,0.006291991
-82.0650355557108,29.1274240014415,0.0062994785
-82.0666885751764,27.5670195640729,0.012253162
-82.0700239502881,29.1783566721142,0.012110704
-82.083610835265,30.4963029953034,0.008500597
-82.084044739074,28.5458898193258,0.011431736
-82.0844436308287,30.0743059571682,0.008531749
-82.0907461583408,28.2590995573332,0.04972854
-82.1014082968662,29.6344725631401,0.009302895
-82.1040735877031,28.1333545323378,0.026419193
-82.1063740934404,30.3254184780922,0.018965593
-82.118149674031,27.2757688562375,0.012095759
-82.1261513079713,30.3405568444122,0.010751747
-82.1261988002449,28.4336624682591,0.011187638
-82.140309662917,28.6157077980189,0.011457165
-82.1423057658516,27.3368581622055,0.022752933
-82.1489332304722,27.2358875218757,0.02413542
-82.1694855388316,27.3014288466818,0.014018224
-82.170122821293,27.7616315987545,0.03217133
-82.1749876339045,28.6351992229553,0.009457983
-82.1813459256687,30.3602042286711,0.010870159
-82.1819599953035,30.2464046537305,0.0104836235
-82.1820871359148,28.8771418768834,0.010392549
-82.1834239108863,29.7238356909135,0.096630976
-82.1886774513944,28.8252702726133,0.009768662
-82.1971385768077,29.5879572423486,0.009310034
-82.2041990725693,29.472083385524,0.082164235
-82.205765622633,28.3286107198915,0.019637376
-82.2117247372476,29.6748806498851,0.08504439
-82.2118605560308,27.542255756035,0.030958625
-82.2205564753583,29.6231455426468,0.09758353
-82.2433520304901,27.6079581894844,0.009843807
-82.2517487082988,28.2182253811852,0.026357992
-82.2576463028828,28.3447663068163,0.025728196
-82.2617803725544,27.7271956551276,0.017316122
-82.2637433733673,28.4547528334861,0.024040505
-82.273484828979,29.4240035148813,0.016522026
-82.2737524669349,27.2654675410077,0.019522576
-82.2966827721889,28.3949132009015,0.05199305
-82.3073134918419,27.7414836954802,0.017298775
-82.309096917948,28.2600301348158,0.0518187
-82.3125865162832,27.4151973425245,0.027064674
-82.3196470084342,30.2005499208727,0.008943183
-82.3223510731851,27.2862028913738,0.03497584
-82.3239150982573,30.3973098290654,0.0072709844
-82.328995467627,29.8182236154834,0.04931445
-82.3311904409004,30.2252218563251,0.008707403
-82.3339680687821,29.5585978991315,0.028126756
-82.3384950782017,29.9340919224088,0.05180638
-82.3388884954917,29.7387245869768,0.05980517
-82.3572134329169,27.2869064104506,0.03549456
-82.3610320375144,30.3212063917173,0.0059927385
-82.365293676125,28.2435709058728,0.03169953
-82.3757724211777,28.7897340127198,0.01679931
-82.3779682691598,28.9016542414542,0.013683333
-82.39621544267,27.8277782052113,0.105829276
-82.4108052769024,27.837217792983,0.088037
-82.4254315836008,27.7232306993548,0.018642506
-82.4315218221892,27.9874894918558,0.02747045
-82.431753282336,28.1079043723167,0.023602309
-82.4330865589435,27.9492926496385,0.03759193
-82.4334057856419,28.7463544224288,0.013629322
-82.4441306153687,27.7869121696729,0.084193654
-82.4493723180315,28.294491115048,0.030670717
-82.45105351585,28.6213472893129,0.018523104
-82.4628205591609,30.0953840604113,0.0065785088
-82.4636252732302,27.7069932461668,0.008138178
-82.4688284268571,28.9870399516756,0.01619907
-82.4692694700915,29.1258109607046,0.052691355
-82.4764550937866,27.8172368039747,0.10894072
-82.5118281844468,28.9723840539069,0.039987866
-82.5150548965416,27.3461022097454,0.020839028
-82.5158943447268,28.1230776339009,0.023085816
-82.5167564473506,30.201734688367,0.011357661
-82.518282000387,29.7045903873395,0.009954681
-82.5231317438955,28.5762046982416,0.014166736
-82.5260595899744,29.44755392764,0.012606225
-82.5263090903611,29.2285182465248,0.014150342
-82.530704710741,27.4376027380116,0.019965073
-82.5344963426928,27.7068847906413,0.03210527
-82.5415264679139,28.6010257972453,0.010911232
-82.5446071136167,27.4809352054825,0.026220167
-82.5545190069805,30.2002118381331,0.006050709
-82.558986307403,27.9376044645727,0.13640538
-82.5671372044564,28.9374287999696,0.009632581
-82.5726032059414,29.6485896953806,0.012592631
-82.5773892356618,29.9936944184933,0.005686719
-82.5775820828806,27.5815472316,0.02511713
-82.5806518365601,27.4253824174999,0.020444412
-82.588364123928,27.556218013764,0.025142483
-82.5967459082976,27.4967993064402,0.019346863
-82.5978219194375,29.6492475563039,0.014322185
-82.6217607218011,27.3466367813128,0.026189316
-82.6264251415752,27.7579706253174,0.021512687
-82.6270216101296,27.5769146100325,0.05371869
-82.6356371619807,30.2213741600756,0.009802919
-82.6433257571747,29.8148854624996,0.013348897
-82.6557351437618,29.5484962671711,0.017891848
-82.6592553578448,28.1178755212884,0.022914924
-82.6606269565694,27.7422748822194,0.051462337
-82.6613265680725,27.8634180160442,0.07361218
-82.6668377454698,29.7783752351721,0.017864322
-82.6718711001079,28.2246450196398,0.02037048
-82.6798106192881,27.9320317838978,0.07372565
-82.6847174406818,29.6224476876668,0.06540976
-82.6901215432581,30.2361616004704,0.012201973
-82.7036562465681,28.7664125704359,0.03558122
-82.7043837894115,27.766592857042,0.0906927
-82.7078324713299,28.6413093817487,0.026162248
-82.7156228646785,28.2183829775064,0.01898405
-82.7262530264142,27.9731946533141,0.08461735
-82.7317234612534,29.3576663741825,0.018187918
-82.7330974950969,28.3555718343012,0.022320636
-82.7358149364396,27.6715210624601,0.018382547
-82.74161569659,27.537050499415,0.018703585
-82.7634894748727,27.7229949830112,0.092775606
-82.7670029338243,28.2543593870395,0.08827984
-82.7757170801229,28.0744934248006,0.07092263
-82.7933509726804,27.9019359852014,0.08936732
-82.8098819195993,29.6684199534617,0.012145892
-82.8193490665804,30.2308076632651,0.0065447288
-82.8266927742579,29.9650391120038,0.047659412
-82.8324895054421,27.8325277395273,0.09614501
-82.8454347150265,29.547893359712,0.053019524
-82.8517489817201,27.9528587488659,0.08728111
-82.8605015158332,30.1240334603072,0.0042402167
-82.8696249534546,30.0790910954773,0.01192929
-82.8929915594895,29.7540426191469,0.021433998
-82.9149406846213,30.2063108499833,0.005028684
-82.9204664700627,30.1004189577255,0.005351665
-82.9257811849249,29.9501902175678,0.027488066
-82.9257905070407,29.7628338069926,0.043695126
-82.9289216511612,30.1254649948214,0.0062183505
-82.9294876337928,29.251635067461,0.021559147
-82.9333370279967,29.728534215903,0.020328093
-83.0027097092157,29.8540794652934,0.018448051
-83.0192219974605,30.1155303912567,0.005001072
-83.0421287295336,29.2483503017271,0.017720772
-83.0664478232187,30.0349801110659,0.02029377
-83.0747648179179,29.3777156511511,0.02546405
-83.0764965782815,29.63329358643,0.050540514
-83.0924667679804,29.9758119815812,0.0054574246
-83.0937584200998,29.0959231781424,0.08273374
-83.1002646556928,29.2131189477592,0.029264132
-83.1029725755514,29.5184421936733,0.02592733
-83.1219458299233,30.0055537341707,0.006568302
-83.1558579269236,29.5741305483042,0.024684427
-83.1771961073224,29.6027818631678,0.02409766
-83.1994454728553,29.2713986639647,0.034628045
-83.251243756703,30.0237116666253,0.0069627846
-83.2975252970108,29.4430509125385,0.026129251
-83.3106925732774,29.7199992187443,0.018671194
-83.3400918550169,29.9639270344091,0.033067293
-83.3432186922329,29.662629734757,0.0252878
-83.3841170338864,29.693625115228,0.027595496
-83.4478765656949,30.1606524444934,0.020316042
-83.5036014201531,30.1309836756956,0.006620088
-83.55825002368,29.9891209155411,0.039004516
-83.5995975157145,29.9344983370469,0.049764365
-83.6237681823775,29.8694095671943,0.0443734
-83.6385495630682,30.0995823243289,0.0032849398
-83.697055784898,30.1304964405024,0.0031750842
-83.7836939162657,30.0601083489431,0.029008307
-83.7838226231739,30.1056521186082,0.005208148
-83.7865287773673,29.9286183231477,0.021142973
-83.7979649044831,30.1146491758935,0.005136074
-83.8069832706993,30.1402673801706,0.0050031208
-83.8194155262419,30.0346208646071,0.033087347
-83.894907499111,30.0751788710557,0.0052109407
