x,y,Podomys_floridanus avg
-75.5626393066,35.2290272769,0.0048021874
-75.6043059731,35.2706939434,0.004915895
-75.7293059726,35.8956939409,0.007096745
-76.1043059711,35.6040272754,0.0056430874
-76.2293059706,35.6456939419,0.004871307
-76.5209726361,35.0206939444,0.010240828
-76.5626393026,34.6040272794,0.01571494
-76.5626393026,34.7290272789,0.014207412
-76.6876393021,34.8540272784,0.014717072
-76.8959726346,25.5206939824,0.08037248
-77.0209726341,35.6873606084,0.0036169887
-77.1459726336,34.6456939459,0.011739619
-77.2709726331,26.3123606459,0.11251554
-77.3126392996,26.5623606449,0.24613391
-77.4793059656,34.9373606114,0.005685794
-77.6043059651,26.9790273099,0.25545782
-77.7293059646,34.4373606134,0.008917395
-77.7709726311,25.6873606484,0.18658932
-77.8126392976,34.7706939454,0.0023263153
-77.8543059641,35.1873606104,0.0032812331
-77.8543059641,35.3956939429,0.0030823913
-77.8959726306,27.0206939764,0.13433091
-77.9376392971,25.8123606479,0.19444843
-78.1043059631,34.2706939474,0.009895172
-78.2293059626,34.0623606149,0.012976753
-78.2293059626,34.2706939474,0.012917082
-78.2709726291,26.7290273109,0.112171695
-78.3543059621,33.9373606154,0.017359892
-78.3543059621,35.5623606089,8.725379E-4
-78.5626392946,26.6456939779,0.11382815
-78.7709726271,33.7706939494,0.040523253
-78.8543059601,26.6456939779,0.13040146
-78.9793059596,35.8123606079,7.6476677E-4
-79.0209726261,35.8123606079,9.4612164E-4
-79.1876392921,35.6873606084,4.0891097E-4
-79.1876392921,35.8956939409,6.5128214E-4
-79.2293059586,34.2706939474,0.0037764013
-79.3543059581,35.1456939439,0.0010498624
-79.4376392911,35.6456939419,4.0553047E-4
-79.5626392906,35.2290272769,0.0017723325
-79.5626392906,35.3956939429,4.9938675E-4
-79.6876392901,33.0623606189,0.07210819
-79.6876392901,34.8123606119,0.0020774202
-79.8543059561,33.6040272834,0.013293165
-79.8959726226,35.9373606074,0.0012422747
-79.9376392891,35.2290272769,0.0014682952
-79.9793059556,32.6456939539,0.065703705
-79.9793059556,35.5623606089,0.0013051655
-80.0626392886,26.3540273124,0.2804131
-80.0626392886,26.6873606444,0.3453012
-80.1043059551,25.8956939809,0.23529172
-80.1043059551,26.3956939789,0.27775282
-80.1043059551,26.8123606439,0.3370945
-80.2709726211,25.9373606474,0.2750407
-80.2709726211,26.8540273104,0.17343636
-80.2709726211,27.1040273094,0.16866931
-80.2709726211,32.5623606209,0.10605689
-80.3126392876,26.3956939789,0.18164603
-80.3543059541,26.7290273109,0.186884
-80.3959726206,26.9790273099,0.1441909
-80.3959726206,27.6040273074,0.4033288
-80.3959726206,27.8123606399,0.40574175
-80.3959726206,32.5623606209,0.029836863
-80.4376392871,26.4373606454,0.19017608
-80.4376392871,26.5623606449,0.14541703
-80.4376392871,27.2290273089,0.27645767
-80.4376392871,34.6040272794,0.0013896999
-80.4793059536,27.9373606394,0.35899246
-80.6459726196,25.6040273154,0.2782264
-80.6459726196,28.2706939714,0.2423817
-80.6876392861,26.0206939804,0.19613484
-80.7709726191,25.5206939824,0.16670676
-80.7709726191,25.5623606489,0.17223868
-80.7709726191,27.8123606399,0.3822441
-80.7709726191,32.1456939559,0.12336627
-80.7709726191,33.4373606174,0.0040408373
-80.8126392856,27.1040273094,0.36882505
-80.8126392856,34.7706939454,0.0014102166
-80.8543059521,26.3540273124,0.3913718
-80.8543059521,34.4373606134,0.0027437145
-80.9376392851,26.5623606449,0.39180562
-81.0209726181,28.7706939694,0.5323705
-81.0209726181,29.2706939674,0.49640363
-81.0209726181,32.3956939549,0.048402127
-81.0626392846,27.2290273089,0.27053377
-81.0626392846,34.6873606124,0.0016694863
-81.1043059511,29.2290273009,0.38904542
-81.1043059511,35.3540272764,5.3050433E-4
-81.1459726176,35.5623606089,9.5377356E-4
-81.2293059506,25.9373606474,0.16068806
-81.3126392836,26.3123606459,0.39785624
-81.3126392836,29.7290272989,0.39525342
-81.3126392836,29.9790272979,0.35855192
-81.3126392836,30.0206939644,0.35601056
-81.3126392836,33.6040272834,0.0039519854
-81.3543059501,29.9373606314,0.3461101
-81.3543059501,31.3956939589,0.03445897
-81.3959726166,30.9790272939,0.17973325
-81.3959726166,35.9790272739,3.3248376E-4
-81.4376392831,28.4373606374,0.28838143
-81.4793059496,31.3123606259,0.02986459
-81.4793059496,33.4790272839,0.0037027644
-81.4793059496,34.8540272784,0.001296808
-81.5209726161,25.9790273139,0.30653927
-81.5209726161,27.6456939739,0.5524609
-81.5209726161,29.3123606339,0.3904891
-81.5209726161,33.6873606164,0.006004047
-81.5209726161,34.7290272789,0.0060513797
-81.5626392826,34.9373606114,9.1492315E-4
-81.5626392826,35.6456939419,5.372862E-4
-81.5626392826,35.9790272739,4.1639176E-4
-81.6459726156,35.6040272754,2.9772188E-4
-81.7293059486,30.1456939639,0.29928172
-81.7709726151,27.7706939734,0.41399902
-81.7709726151,29.1040273014,0.41184762
-81.8126392816,30.6040272954,0.15091906
-81.8126392816,35.3123606099,3.9332826E-4
-81.8543059481,30.3123606299,0.55506474
-81.8543059481,30.5206939624,0.08934219
-81.8543059481,30.9790272939,0.09255226
-81.8959726146,35.9373606074,6.1724604E-6
-81.9376392811,27.9373606394,0.37564066
-81.9376392811,31.8956939569,0.021675965
-81.9376392811,34.1873606144,0.0015204111
-81.9793059476,28.8540273024,0.6593205
-81.9793059476,35.0206939444,8.0704025E-4
-81.9793059476,35.9790272739,7.698861E-5
-82.0209726141,31.7706939574,0.016055103
-82.0209726141,35.4790272759,6.1755614E-5
-82.0209726141,35.8956939409,5.0732604E-5
-82.0626392806,33.5623606169,0.0037348925
-82.1043059471,34.2706939474,9.919016E-4
-82.1459726136,35.4790272759,4.7707494E-5
-82.1459726136,35.9790272739,1.6269357E-4
-82.1876392801,35.5206939424,1.1693069E-4
-82.1876392801,35.7706939414,9.011059E-5
-82.2293059466,35.7706939414,8.849112E-5
-82.2293059466,35.8123606079,1.0414533E-4
-82.2709726131,26.9373606434,0.37237778
-82.2709726131,35.8956939409,2.5991915E-4
-82.3126392796,27.5623606409,0.5460303
-82.3126392796,34.8123606119,7.2953134E-4
-82.3126392796,35.3123606099,6.0926104E-6
-82.3126392796,35.3540272764,3.5168632E-6
-82.3126392796,35.7706939414,1.9826539E-5
-82.3543059461,27.9790273059,0.5344338
-82.3543059461,30.7706939614,0.052165277
-82.3543059461,35.1040272774,1.3458358E-4
-82.3543059461,35.2706939434,6.575568E-5
-82.3543059461,35.3123606099,2.108218E-5
-82.3543059461,35.3540272764,2.8872028E-5
-82.3959726126,34.6040272794,0.0017140356
-82.3959726126,35.7290272749,1.7777477E-4
-82.3959726126,35.9373606074,9.037675E-4
-82.4376392791,35.9790272739,5.003464E-4
-82.4793059456,32.0206939564,0.0071785394
-82.4793059456,34.1873606144,0.010337724
-82.5209726121,35.5206939424,9.361516E-5
-82.5626392786,29.4790272999,0.6655186
-82.5626392786,30.5206939624,0.05798284
-82.5626392786,35.1873606104,2.0174796E-6
-82.6043059451,35.1456939439,3.6316328E-6
-82.6043059451,35.3956939429,2.8392885E-4
-82.6459726116,34.7290272789,7.1876164E-4
-82.6459726116,35.2706939434,8.773309E-5
-82.6459726116,35.4790272759,3.0083716E-4
-82.6459726116,35.9373606074,9.126513E-4
-82.6876392781,28.7706939694,0.61690986
-82.6876392781,34.8540272784,5.182912E-4
-82.6876392781,34.8956939449,3.6628844E-4
-82.6876392781,35.0623606109,4.9370457E-5
-82.6876392781,35.2706939434,1.1855595E-4
-82.6876392781,35.4373606094,2.1125394E-4
-82.7293059446,32.3540272884,0.0060059116
-82.7709726111,27.9790273059,0.39932317
-82.7709726111,34.8540272784,1.0385337E-4
-82.7709726111,35.0206939444,1.3476922E-5
-82.7709726111,35.8123606079,0.0018624606
-82.8126392776,34.3540272804,0.0040173456
-82.8126392776,34.7706939454,1.1063479E-4
-82.8126392776,35.3123606099,2.01074E-5
-82.8543059441,34.0206939484,0.00620637
-82.8543059441,34.4790272799,0.004252751
-82.8543059441,35.3540272764,1.2677494E-6
-82.8543059441,35.4373606094,1.8071092E-4
-82.8543059441,35.6873606084,3.532019E-4
-82.8543059441,35.8956939409,0.0040461374
-82.8543059441,35.9790272739,0.0018155539
-82.8959726106,34.6873606124,2.7601077E-4
-82.8959726106,35.1456939439,6.0829852E-6
-82.8959726106,35.2290272769,1.1749366E-5
-82.8959726106,35.6456939419,1.11090245E-4
-82.8959726106,35.9373606074,0.0027300406
-82.9376392771,29.8956939649,0.54518944
-82.9376392771,34.0206939484,0.008942315
-82.9793059436,32.8956939529,0.025153277
-82.9793059436,34.7290272789,1.89344E-4
-83.0209726101,34.9790272779,1.520336E-5
-83.0209726101,35.0623606109,1.2422262E-6
-83.1043059431,29.1873606344,0.5956739
-83.1043059431,30.1456939639,0.09467819
-83.1043059431,33.9790272819,0.0022859771
-83.1043059431,34.6873606124,0.0010219127
-83.1043059431,35.1873606104,1.1323549E-6
-83.1459726096,33.0623606189,0.024854092
-83.1459726096,33.9790272819,0.0021422345
-83.1459726096,35.0623606109,3.9010724E-6
-83.1876392761,30.0623606309,0.051905155
-83.1876392761,35.6040272754,2.3385239E-5
-83.2293059426,35.0623606109,7.508937E-7
-83.2293059426,35.6873606084,1.5696352E-5
-83.2709726091,33.0623606189,0.0029776667
-83.2709726091,34.8123606119,1.1846789E-4
-83.3126392756,32.3540272884,0.024158932
-83.3126392756,34.8540272784,1.9566081E-5
-83.3126392756,35.2706939434,2.004413E-5
-83.3126392756,35.6456939419,1.818504E-5
-83.3543059421,29.6456939659,0.33941185
-83.3543059421,34.9790272779,1.751082E-5
-83.3543059421,35.3540272764,1.7740665E-5
-83.4793059416,32.4373606214,0.037250265
-83.4793059416,34.1040272814,0.005915426
-83.4793059416,34.8123606119,8.041071E-6
-83.4793059416,34.8956939449,1.0979383E-5
-83.5209726081,31.8540272904,0.007273789
-83.5209726081,34.5206939464,1.1474103E-4
-83.5209726081,34.6040272794,3.5088568E-4
-83.5209726081,34.8123606119,5.4491124E-5
-83.5209726081,35.0623606109,7.2400894E-6
-83.5626392746,29.9790272979,0.3498683
-83.5626392746,34.4373606134,1.1640367E-4
-83.6043059411,33.1040272854,0.028661065
-83.6043059411,35.4790272759,5.001766E-5
-83.6459726076,31.8540272904,0.033894934
-83.6459726076,35.5206939424,1.019055E-4
-83.6459726076,35.6873606084,0.0031445615
-83.6876392741,33.0623606189,0.029820673
-83.6876392741,33.2290272849,0.02363349
-83.6876392741,35.0623606109,2.4968294E-5
-83.6876392741,35.3540272764,3.8289378E-4
-83.6876392741,35.4373606094,0.002817107
-83.7293059406,32.6873606204,0.031913634
-83.7293059406,34.6456939459,4.611065E-5
-83.7293059406,34.7290272789,5.4213167E-5
-83.7293059406,35.1040272774,7.53396E-5
-83.7293059406,35.6040272754,0.0010910565
-83.7709726071,34.7290272789,3.1638057E-5
-83.7709726071,35.0206939444,4.2954244E-4
-83.8126392736,31.2290272929,0.016026907
-83.8126392736,33.9790272819,0.00574659
-83.8126392736,34.8956939449,8.8893985E-6
-83.8126392736,34.9373606114,5.706331E-5
-83.8543059401,34.5623606129,5.374876E-4
-83.8959726066,33.0623606189,0.011108975
-83.8959726066,34.9373606114,6.073918E-5
-83.9376392731,35.5206939424,4.1451486E-4
-84.0209726061,35.3123606099,6.401804E-6
-84.1043059391,31.3123606259,0.018056178
-84.1459726056,34.1040272814,0.0010993483
-84.1459726056,34.6456939459,2.0583959E-5
-84.1459726056,34.6873606124,3.862083E-5
-84.1876392721,30.3956939629,0.016364792
-84.2293059386,33.0623606189,0.023203047
-84.2293059386,34.4373606134,8.652224E-4
-84.2709726051,32.9373606194,0.0641892
-84.2709726051,33.8123606159,0.011859916
-84.3126392716,34.3123606139,0.0029925068
-84.3543059381,29.9373606314,0.17393626
-84.3543059381,34.9373606114,0.0016713511
-84.3959726046,34.7706939454,0.0017741232
-84.3959726046,34.8123606119,0.001333837
-84.4376392711,34.3123606139,0.00488929
-84.4376392711,35.1040272774,1.5699193E-4
-84.4793059376,33.9790272819,0.0041592093
-84.4793059376,34.6456939459,0.0011419686
-84.5209726041,32.5206939544,0.064601064
-84.5209726041,35.0206939444,9.773141E-5
-84.5626392706,34.0623606149,0.0014947007
-84.6043059371,35.1456939439,2.8200774E-4
-84.6459726036,34.6873606124,3.51114E-4
-84.6876392701,34.1873606144,0.0113623245
-84.7709726031,31.8956939569,0.1057285
-84.8126392696,31.7706939574,0.09388035
-85.0209726021,33.7706939494,0.00960405
-85.0209726021,35.8956939409,0.0033468206
-85.0209726021,35.9790272739,0.0034637388
-85.0626392686,29.6873606324,0.23428306
-85.0626392686,31.0206939604,0.039626792
-85.0626392686,31.8123606239,0.04704541
-85.0626392686,34.5206939464,7.4815174E-4
-85.1043059351,29.6040272994,0.25433576
-85.1043059351,31.6873606244,0.03577965
-85.1459726016,35.8123606079,7.648942E-4
-85.2293059346,35.2290272769,0.0020918548
-85.2709726011,35.2290272769,6.2070094E-4
-85.3126392676,35.7290272749,9.5000217E-4
-85.3543059341,29.7290272989,0.2599179
-85.3543059341,35.5623606089,0.00315289
-85.3959726006,29.8540272984,0.21449578
-85.3959726006,35.8540272744,0.002224339
-85.4376392671,35.1456939439,4.0451574E-4
-85.4376392671,35.4373606094,6.588767E-4
-85.4793059336,31.7290272909,0.07472239
-85.5209726001,30.4790272959,0.021019742
-85.5626392666,35.2706939434,1.5101052E-4
-85.5626392666,35.5206939424,0.0011652815
-85.6043059331,35.4373606094,0.011506569
-85.6459725996,30.1456939639,0.23217297
-85.6459725996,34.4790272799,0.00202432
-85.6876392661,30.5623606289,0.0171095
-85.6876392661,35.1456939439,0.0017999029
-85.6876392661,35.3540272764,8.216017E-4
-85.7293059326,32.6456939539,0.027697915
-85.7709725991,31.0206939604,0.010979347
-85.7709725991,35.6456939419,0.0068327496
-85.8126392656,32.5623606209,0.034832638
-85.8126392656,35.0623606109,0.011931693
-85.8126392656,35.4373606094,6.715657E-4
-85.8959725986,30.6873606284,0.01162759
-85.8959725986,35.3540272764,0.002443467
-85.9376392651,31.0623606269,0.026581725
-85.9793059316,30.8123606279,0.0077933287
-86.0209725981,31.1040272934,0.014224235
-86.0209725981,31.2290272929,0.02132045
-86.0209725981,35.6873606084,0.010923416
-86.0626392646,34.4373606134,0.0037912845
-86.0626392646,35.0206939444,0.002687473
-86.1876392641,31.2290272929,0.01901266
-86.1876392641,35.0623606109,0.0055259424
-86.2293059306,30.8540272944,0.010347331
-86.2293059306,33.3123606179,0.016583338
-86.2709725971,35.8956939409,0.015139824
-86.3126392636,32.3956939549,0.052212838
-86.3126392636,32.4373606214,0.048606545
-86.3126392636,33.1040272854,0.014526868
-86.3543059301,31.1456939599,0.02817162
-86.3543059301,34.8123606119,0.002854783
-86.3959725966,30.6873606284,0.008053744
-86.4793059296,31.2706939594,0.03125912
-86.5209725961,30.8540272944,0.009052929
-86.5626392626,31.0623606269,0.011976417
-86.5626392626,34.1873606144,0.0063517466
-86.7293059286,32.2290272889,0.028901594
-86.7709725951,30.5206939624,0.010546293
-86.8126392616,31.3540272924,0.023179065
-86.8543059281,30.3956939629,0.029333532
-86.8543059281,35.0206939444,0.0052900636
-86.8959725946,30.6456939619,0.0050166906
-86.9793059276,30.3540272964,0.16596983
-87.0626392606,30.9373606274,0.008640986
-87.0626392606,32.3123606219,0.04698982
-87.1459725936,33.2290272849,0.007787944
-87.1876392601,30.8956939609,0.0075423573
-87.1876392601,31.1040272934,0.014529949
-87.3959725926,34.6873606124,0.031327713
-87.4376392591,31.1456939599,0.016666783
-87.4793059256,32.9790272859,0.0061760223
-87.4793059256,33.9373606154,0.0032257093
-87.4793059256,35.7706939414,0.010443352
-87.6459725916,34.1873606144,0.003286384
-87.6876392581,32.4373606214,0.03398706
-87.6876392581,33.1873606184,0.014609758
-87.7709725911,30.8123606279,0.011762673
-87.8543059241,30.5623606289,0.010814518
-87.8543059241,30.8123606279,0.014713027
-87.9376392571,31.1040272934,0.01402992
-87.9376392571,32.6456939539,0.040472485
-87.9376392571,35.1040272774,0.0065055983
-87.9376392571,35.2290272769,0.024937477
-87.9376392571,35.9373606074,0.008196235
-88.0209725901,33.8540272824,0.0033576067
-88.0209725901,34.6873606124,0.00855888
-88.0209725901,35.4790272759,0.022510536
-88.0626392566,33.6456939499,0.00497514
-88.1876392561,30.7706939614,0.008995213
-88.1876392561,31.7706939574,0.0077072047
-88.1876392561,33.6873606164,0.0057291477
-88.2293059226,31.1873606264,0.023250563
-88.3126392556,30.8540272944,0.011565118
-88.3126392556,33.9373606154,0.0013654241
-88.3126392556,34.9373606114,0.006017976
-88.3543059221,33.7706939494,0.0028018286
-88.3543059221,35.5623606089,0.010148209
-88.4793059216,31.6040272914,0.01609145
-88.4793059216,32.1040272894,0.015534883
-88.5209725881,30.9373606274,0.0066483435
-88.5209725881,34.0623606149,0.0022168392
-88.5626392546,30.3956939629,0.09809016
-88.5626392546,33.9790272819,0.0031176244
-88.6043059211,30.4790272959,0.016711615
-88.6043059211,31.1456939599,0.010441641
-88.6876392541,31.8123606239,0.021492457
-88.7293059206,31.1456939599,0.009401579
-88.7709725871,30.6456939619,0.009558888
-88.8543059201,33.6873606164,0.002615789
-88.9376392531,31.6040272914,0.012880071
-88.9376392531,33.3956939509,0.004381221
-88.9793059196,29.8123606319,0.23786065
-88.9793059196,35.7290272749,0.003270044
-89.0626392526,29.0623606349,0.10949599
-89.0626392526,29.1873606344,0.097605295
-89.0626392526,29.5206939664,0.09800461
-89.0626392526,34.5206939464,0.005293456
-89.1043059191,30.7290272949,0.010332201
-89.1043059191,35.1456939439,0.004473117
-89.1459725856,29.2706939674,0.08723155
-89.1876392521,33.6456939499,0.003838514
-89.2293059186,34.8956939449,0.0029373697
-89.2709725851,29.3540273004,0.082745224
-89.2709725851,34.1040272814,0.0067838626
-89.2709725851,34.1456939479,0.005171544
-89.2709725851,35.9790272739,0.004769745
-89.3126392516,35.1873606104,0.007785991
-89.3543059181,34.4790272799,0.0077120643
-89.3959725846,31.1456939599,0.0055102324
-89.4376392511,29.6873606324,0.25623515
-89.4376392511,35.0623606109,0.008765803
-89.4793059176,29.2290273009,0.08684319
-89.4793059176,35.3123606099,0.008802074
-89.5209725841,29.8123606319,0.25513402
-89.5209725841,34.2706939474,0.022689812
-89.5209725841,35.0206939444,0.007821608
-89.5209725841,35.1040272774,0.0019957754
-89.5209725841,35.5623606089,0.012766155
-89.5626392506,29.9373606314,0.26021594
-89.5626392506,35.9373606074,0.004371829
-89.6043059171,30.6456939619,0.011666297
-89.6043059171,31.6456939579,0.0071121436
-89.6459725836,32.5623606209,0.009502536
-89.7709725831,29.6040272994,0.2064991
-89.8126392496,30.2290272969,0.18963006
-89.9376392491,31.0623606269,0.004032403
-89.9376392491,31.4373606254,0.009787159
-89.9376392491,34.8123606119,0.009301088
-89.9793059156,33.2706939514,0.0047484147
-90.0209725821,30.6040272954,0.00551911
-90.0209725821,30.7706939614,0.00448087
-90.0209725821,33.8540272824,0.008139394
-90.0626392486,29.1456939679,0.062923394
-90.1043059151,35.5206939424,0.0063626096
-90.1459725816,30.7290272949,0.0027962816
-90.1876392481,30.8540272944,0.005851121
-90.2709725811,29.1040273014,0.06524883
-90.2709725811,30.8540272944,0.0031344811
-90.3543059141,30.3540272964,0.005262261
-90.3543059141,33.7706939494,0.010054523
-90.4376392471,33.0623606189,0.0078023174
-90.4793059136,33.6456939499,0.010720642
-90.4793059136,34.0206939484,0.0115063405
-90.5209725801,30.1456939639,0.009220166
-90.5209725801,35.8956939409,0.0023854584
-90.6043059131,35.9790272739,0.004128449
-90.6459725796,33.5206939504,0.020374421
-90.6459725796,34.9373606114,0.0062057734
-90.6459725796,35.1040272774,0.004345437
-90.6876392461,29.3956939669,0.18270326
-90.6876392461,34.7706939454,0.005405236
-90.7293059126,30.4790272959,0.003804455
-90.7293059126,32.5623606209,0.013696819
-90.7293059126,33.2706939514,0.02437723
-90.7293059126,35.0623606109,0.0043411124
-90.7709725791,32.3956939549,0.01815598
-90.7709725791,34.3123606139,0.025577204
-90.7709725791,35.0623606109,0.0051698037
-90.7709725791,35.6456939419,0.0029291054
-90.8126392456,29.8956939649,0.0071870117
-90.8126392456,30.2706939634,0.0032343925
-90.8126392456,34.4790272799,0.019837419
-90.8543059121,30.3123606299,0.0031322478
-90.8959725786,30.9373606274,0.0017624303
-90.8959725786,32.3540272884,0.017788459
-90.9376392451,29.2706939674,0.19497982
-90.9376392451,31.8956939569,0.017495567
-90.9793059116,29.3123606339,0.18558615
-90.9793059116,30.0623606309,0.0033191505
-90.9793059116,32.2290272889,0.028997209
-90.9793059116,33.2706939514,0.029130617
-91.0209725781,29.8123606319,0.052697975
-91.0209725781,29.9790272979,0.0052346024
-91.1043059111,31.8956939569,0.023508739
-91.1043059111,32.6040272874,0.012583493
-91.1043059111,35.6456939419,0.002047906
-91.2293059106,34.3956939469,0.019923905
-91.3126392436,29.6040272994,0.09686425
-91.3543059101,31.3540272924,0.0056061717
-91.3959725766,30.2290272969,0.0020053647
-91.3959725766,31.2290272929,0.006281521
-91.3959725766,31.6456939579,0.010404725
-91.4376392431,29.9373606314,0.004374212
-91.4376392431,30.3123606299,0.0016167118
-91.4376392431,35.9373606074,0.0030562219
-91.4793059096,30.4373606294,0.0019997617
-91.4793059096,31.5206939584,0.005992221
-91.4793059096,31.5623606249,0.006432822
-91.4793059096,31.8956939569,0.00959493
-91.4793059096,32.3123606219,0.018574182
-91.4793059096,35.8956939409,0.0019850894
-80.0157244020024,26.7799795105426,0.34209567
-80.0263202667412,26.8104589357502,0.3369409
-80.0449964004332,26.7243311586877,0.34310168
-80.0495733941514,26.5373481539859,0.3211369
-80.0513042798064,26.3029044079021,0.2830785
-80.055451530312,26.6140624080015,0.34604886
-80.0557425766169,26.391737351715,0.27928486
-80.0599027225617,26.4184810681209,0.32486513
-80.062632532352,26.2616358540535,0.28576443
-80.0711870030968,26.9640545230238,0.3263359
-80.0733986885347,26.773747908574,0.33868805
-80.0917571067243,26.2278521432865,0.28912598
-80.1179672409653,26.0216071088738,0.27178466
-80.1217671410498,26.3421876709358,0.28170243
-80.1305230290241,26.6579421058193,0.30203113
-80.1430012473558,26.9905280416635,0.2968722
-80.1656179044558,27.1758902293886,0.3335273
-80.1699796157435,27.2344890383804,0.33368936
-80.1717498061501,26.7346248743959,0.25375146
-80.1759659556677,26.1928568050138,0.2861332
-80.2136252569665,26.0324590474013,0.27805036
-80.2216764270192,26.6190859734187,0.25558916
-80.2234258415234,26.7853466918606,0.2069813
-80.2244227073773,26.407289994612,0.25929368
-80.2315729658851,26.1031999114518,0.28332525
-80.2445892829169,26.4828206181976,0.25657478
-80.2449127049835,26.8484737367925,0.20868537
-80.2556330081082,27.4303052935958,0.41484416
-80.2637780741886,27.0249285570656,0.1688238
-80.2678965660541,26.7084245560313,0.17632017
-80.2684582912308,26.9145049329371,0.17306396
-80.27197648722,27.4876765995745,0.4398325
-80.2733640040111,26.2326048994129,0.28790992
-80.2760898196069,26.5634329391787,0.1793232
-80.285115224544,27.2268603504989,0.24844253
-80.2908478594514,26.698457354298,0.17828128
-80.2926030922914,26.5085052977088,0.17993958
-80.293051311293,26.3218284530798,0.2713121
-80.296679674274,26.2065348325959,0.25482285
-80.3027857850899,27.5506263240079,0.44328427
-80.3059841542351,27.2244833094614,0.17146896
-80.309314852826,26.2533656900894,0.27075392
-80.3100466845208,26.5928088451731,0.1777271
-80.3213670529925,27.0051084618637,0.1724762
-80.322181641679,27.5314231361801,0.44374603
-80.3240570021545,26.7744497394063,0.17652139
-80.3398905681403,27.7231656031971,0.44281676
-80.3420742596804,27.3667947568869,0.18333691
-80.3437599730337,26.3031755352107,0.18680888
-80.3450015017676,26.2115789358499,0.27566248
-80.3481175165037,26.6785257367243,0.18823496
-80.3501033641376,26.8299838498894,0.18595323
-80.3514198373734,26.6388429197673,0.18712947
-80.3625070552278,26.8906818872542,0.17623897
-80.3664927949712,27.0248909895031,0.1785653
-80.3685859389289,26.8497420770198,0.1876263
-80.3838114310849,26.8695676895777,0.1440346
-80.3872085551866,27.1610851258572,0.1554358
-80.3872582651575,27.7680555360158,0.40528953
-80.3881672215269,26.6477620106819,0.14726621
-80.40589206786,27.7263222976621,0.40513903
-80.4084247345943,26.5983923019358,0.18007706
-80.4087452950195,27.310553777802,0.16135499
-80.4103121011224,27.2210343375785,0.1520262
-80.4130685873316,26.5741616751397,0.19265127
-80.41343032971,26.5041616316584,0.18917751
-80.4137119462086,26.1418390448121,0.2714165
-80.4201556971899,26.3839312343114,0.18810056
-80.4232526285347,26.6339921777399,0.15577874
-80.4263824149886,26.5423964230172,0.14541703
-80.4348415573153,27.7231680216704,0.2979942
-80.4378075220616,27.8426189878044,0.40188578
-80.4463406445442,27.120106341691,0.19606021
-80.4486116856108,26.9284493528303,0.18295076
-80.4507858592773,27.1860899591502,0.27559808
-80.4510616445676,26.8537588250832,0.18114017
-80.4581640301184,27.3560446159227,0.29775214
-80.4601454335663,26.7537845429135,0.3436817
-80.4643462947541,26.7078539333111,0.29027197
-80.4783900364814,26.3926357570658,0.1871827
-80.4968538299949,27.8883206811918,0.33848277
-80.4994725506759,26.9586384459537,0.3462571
-80.5145302215139,27.894081690162,0.36145782
-80.5225331528393,27.8480862918477,0.3663419
-80.5301161019923,27.671493852803,0.35893953
-80.5301175912892,28.4855242185168,0.35118675
-80.5304242867487,28.424068582865,0.36612606
-80.5370304451001,27.4968930648016,0.29857227
-80.5373162734501,27.2058478414713,0.3534504
-80.5420546496756,27.010408348366,0.36134514
-80.5431309480158,27.6624543811005,0.3699645
-80.5598725943277,27.1098955487668,0.36787647
-80.5667419243144,28.5410163488947,0.3540037
-80.5781894830824,28.4595765507442,0.36107796
-80.5875992904878,28.5847049979196,0.2974541
-80.5876181724701,28.489920718454,0.34735918
-80.5906529249273,27.4708495770186,0.31240886
-80.5975216915808,28.659235432777,0.29169574
-80.5995678463167,28.1698517272188,0.24440806
-80.6177762093359,28.3081154991972,0.35806584
-80.6305434777778,28.59094711596,0.41046456
-80.6311242075403,27.1409845172536,0.37106186
-80.6328616177972,27.5659950921069,0.3637427
-80.640955221114,27.6968145944032,0.36923346
-80.6456740732187,28.2245820718858,0.20231959
-80.6520640911494,28.3453273616136,0.35590976
-80.6525060325616,28.2700109437956,0.2423817
-80.6531818310925,28.1689021793307,0.24859133
-80.6754068566616,28.2588304393982,0.3594005
-80.7161684061593,28.3656719908138,0.42918175
-80.7229744210946,27.4112811375788,0.37961242
-80.7244629566202,27.9124911423094,0.36459303
-80.7249122131217,28.4342740718667,0.36035946
-80.7269928111627,28.7595262320233,0.36040485
-80.7357524664128,28.1849134679832,0.36295313
-80.7389901199804,27.6370330197673,0.3723835
-80.7424721345498,27.8169266439922,0.37969473
-80.7487626029491,27.6180805552083,0.38062456
-80.7498158440327,27.426184453415,0.38007054
-80.766271572122,28.3797664347277,0.42335597
-80.777318638302,28.750925178474,0.40925917
-80.8032401631624,28.0130293544886,0.37451035
-80.8120701026414,28.9567878430917,0.3535645
-80.828883059615,28.9106623766724,0.3628944
-80.8328881789765,28.205025163617,0.2942487
-80.8357703056682,28.9615949750643,0.35845202
-80.8443823279942,28.6301208941319,0.3634902
-80.8588409341728,28.4745527697377,0.41072804
-80.8743811411032,28.3350246821712,0.40643856
-80.8802748530291,28.7753733039655,0.3651765
-80.886782581765,27.9587519927117,0.4384559
-80.8979387444703,28.3004708602505,0.42814967
-80.9032474508903,28.8863354226718,0.36015764
-80.9062387106844,28.2293053270673,0.42912388
-80.9154550323431,28.0673652429964,0.43789038
-80.9239326906464,28.5851780993213,0.36725768
-80.9610273649396,28.8097142571635,0.4755741
-80.966690789695,27.9785022720332,0.42677903
-81.0059851503594,28.7899592409332,0.5323705
-81.02658460147,29.0979517039669,0.5173936
-81.0342207332128,28.3737008235942,0.49053407
-81.0443465768502,28.4449399497419,0.53687817
-81.0480894667876,27.8224561275459,0.43140203
-81.0573459679067,28.7153665035446,0.52323544
-81.0627828905849,27.1693606262761,0.26979584
-81.0636026078244,29.1717473047944,0.50311416
-81.0857974423628,29.4974226765982,0.3776024
-81.1203736535779,28.1646832589195,0.5356835
-81.1241551912151,26.8039139171407,0.3766407
-81.1276116273825,28.8572952448956,0.42926085
-81.1367024478809,28.2696426140283,0.524252
-81.1558432052095,26.9946647862505,0.38769323
-81.1624343475182,29.2416202795494,0.38410857
-81.1734207900401,28.8908797722071,0.41241232
-81.1887561326318,29.2674725285714,0.37429526
-81.1890540602823,27.301175683116,0.39533308
-81.2014479061111,29.5176205612022,0.41167986
-81.2017734853583,29.0658422171345,0.39941978
-81.204893164625,29.2428409282046,0.37549698
-81.2150657999212,26.7435646787837,0.38897127
-81.2223411992351,27.2460355398348,0.2702912
-81.2269466239701,29.0307354188764,0.39908716
-81.2409661941762,26.7650702700645,0.38746786
-81.2467513180445,29.6428786121136,0.40516013
-81.2538751857637,27.9036267974723,0.40582803
-81.2551565202603,27.9692348503327,0.5410305
-81.2579942558758,28.2840026552859,0.3268608
-81.2727406773371,29.0827530247741,0.37897784
-81.2828790174417,27.6973602857336,0.5752355
-81.28647948927,27.6508491323364,0.5801742
-81.2887349983695,28.5651079485192,0.2888698
-81.3005681874474,29.5025765933477,0.39429647
-81.3090964119065,29.8797619446113,0.3526327
-81.3119605638203,29.5786221958605,0.3915751
-81.3131573905733,27.5178176363821,0.5836685
-81.3142092611177,27.7218686571255,0.563846
-81.3191485224006,29.9788375181903,0.35855192
-81.3200748183952,27.9031302407348,0.54925907
-81.3259353570861,27.1559630183296,0.44109946
-81.3332523625996,27.0939919075055,0.5765387
-81.3350635023893,27.1616946899441,0.6382876
-81.3353135333783,27.5817231736276,0.4280267
-81.355354300228,28.9060583497351,0.28237033
-81.3565089407296,29.1830554000888,0.38693038
-81.3579464508459,28.0073328689885,0.5220748
-81.367248989478,29.5283313846673,0.34427333
-81.3680671569038,30.0943616368269,0.37862533
-81.3715471551848,29.3237051708895,0.36307847
-81.3721793933145,27.0592490595933,0.5841862
-81.3747499154558,27.9137509443985,0.5314062
-81.3775297607996,29.5331775992734,0.34642538
-81.381578782628,28.1730079529582,0.3239178
-81.3842203192042,27.274695201455,0.6203351
-81.3892260642386,26.9999404355789,0.40804005
-81.3916722414772,30.4207218884357,0.22959705
-81.4058586797226,27.3316782559789,0.463331
-81.4071183548169,29.0456233960152,0.28078
-81.4082137329377,28.6394526810241,0.29346517
-81.411246767374,29.67404625344,0.38479564
-81.419501487897,27.5617857601257,0.5726665
-81.4212142581173,26.8030859403593,0.4004023
-81.4214798267245,30.4223345459367,0.22940157
-81.4227201368787,28.1030711925565,0.4484612
-81.4233837773976,28.9675389362084,0.41855797
-81.4234674601175,30.9627422488236,0.18175286
-81.4303152533056,29.9049114553379,0.35139358
-81.4308158826981,29.447603648896,0.3644254
-81.4395549232671,30.0100094444641,0.3731759
-81.4473331073488,27.0450401812648,0.5021434
-81.4492512433895,29.1718285004903,0.39089337
-81.4549274919999,29.6289437545385,0.3315435
-81.4558532172046,29.6795255059579,0.33387047
-81.4563421972882,30.6664852981774,0.19787876
-81.4566541145486,30.9124805210954,0.18088809
-81.4585572291307,29.582622865919,0.33695066
-81.463077873129,29.1976625390168,0.4013285
-81.4741637096123,29.2884631796323,0.38379693
-81.4863329050559,27.4407710931349,0.5884135
-81.4915288811103,30.124395468992,0.3924156
-81.4953591259902,29.6980501145508,0.3351833
-81.4976347961686,28.2330156367515,0.39746052
-81.4993975177211,28.6455366106743,0.41352683
-81.5022501009367,30.7164036806369,0.18402971
-81.5049666987318,29.2329094131874,0.40401146
-81.5053991168546,27.7937345912651,0.41124335
-81.507585591466,27.5326510961754,0.5702674
-81.5075938395048,30.6672574873415,0.118284136
-81.5076543297273,30.4068518470617,0.11491521
-81.5115420713228,27.7633104929314,0.5510758
-81.5121510162506,29.7130999459092,0.33801943
-81.5171765839087,29.3786621202478,0.35985455
-81.5270475186274,27.8489207119334,0.53020805
-81.5350981634939,29.6389048204666,0.32229182
-81.5368617249834,29.0715972331103,0.40806848
-81.5424152295243,28.8372497589324,0.4308058
-81.5481580427322,28.6656698878557,0.2561404
-81.5503920369322,28.9720479154139,0.4264757
-81.5506732820093,27.8872192746326,0.4244089
-81.5756676580656,29.7632559035529,0.3414212
-81.5762052209829,28.9412040995058,0.41166773
-81.5803926120958,30.6157510795563,0.23881784
-81.582454631838,29.1024732824946,0.40877214
-81.5831036094472,29.8137061244212,0.3475572
-81.5878384398999,27.4359993978248,0.5705775
-81.5886543293468,27.6972743249443,0.54447085
-81.5894168460975,26.999842312028,0.38044745
-81.589984100369,27.2213745525619,0.6311295
-81.5927993075248,29.3424839360147,0.3946602
-81.6097838379436,30.4003083555677,0.13620633
-81.6109234863423,30.9692346411268,0.08090229
-81.6128997630425,29.8645668343128,0.35259497
-81.6131908021261,28.5794618655364,0.23848803
-81.6155821354247,30.5053278090225,0.26559916
-81.6182351237469,27.4802897210979,0.5499484
-81.6195285175916,29.5134647038045,0.33452716
-81.6267601352369,30.7868241881128,0.035506643
-81.6272528679183,30.8878501683265,0.12889735
-81.6276114944215,30.4971259862985,0.2771544
-81.6318337971195,27.4918576003712,0.5502472
-81.6322173874366,30.0506803882927,0.22025478
-81.6348998713552,30.3520276271565,0.29158074
-81.6373370942889,27.570741505789,0.5527553
-81.6400832226876,30.7275262053317,0.19121176
-81.6408553505596,28.5710330333172,0.22521184
-81.6417695619316,28.8308450095021,0.43476942
-81.6448718889359,30.9384051770979,0.11968575
-81.6470951706225,28.8559029402535,0.41959372
-81.6524291206,30.1295706777785,0.22631997
-81.6524670053628,29.5120559654508,0.19210626
-81.653498768124,29.7085011819,0.33950785
-81.6608548166986,28.2284492099335,0.39436936
-81.6645958240185,29.252627431839,0.3792517
-81.6649094227228,29.4035199839064,0.38603508
-81.6650010389662,30.2107878565528,0.19233036
-81.6805264019071,28.6697149062597,0.24569988
-81.6841618968568,30.0603535998946,0.21184464
-81.6904409225368,29.7429991494165,0.35400715
-81.6967512645793,28.7108531341017,0.29780686
-81.6973846262356,28.9818944099071,0.42733175
-81.6989741053009,28.9359119952871,0.2983569
-81.7032870820308,30.0153988372104,0.21301484
-81.703679924685,30.7870416362409,0.08833861
-81.7056722513172,30.2809688998672,0.29275528
-81.7061953962968,27.7813971989504,0.41980746
-81.7085527055916,29.464318001937,0.36652517
-81.7118110250951,28.811340605739,0.26042774
-81.7196289435908,30.535676631775,0.2651072
-81.7208613168462,30.877907546022,0.12315303
-81.7242277376034,29.1020594434656,0.40826565
-81.7295440517289,28.5200656703037,0.41274077
-81.7298951308081,28.6206651635781,0.3937557
-81.7300235376435,30.6279978273206,0.390113
-81.7313399905501,29.1411046216464,0.40208408
-81.7372332414172,29.6496974642816,0.332932
-81.7376837842367,29.3385386799523,0.38734362
-81.7416615868459,28.9215440569628,0.2591808
-81.7425985041467,29.7486703940264,0.3299098
-81.743598776922,30.6921580781245,0.09500116
-81.7455581786665,29.8885995561503,0.26112446
-81.7475401109113,30.1356596820747,0.29928172
-81.7481177541543,30.94718599001,0.10576407
-81.7502447173316,28.7655751160616,0.42147562
-81.7530915151777,30.5174621574212,0.21952991
-81.7541010897397,30.9485554728772,0.10319391
-81.7557350897062,28.8668430601753,0.41771182
-81.7571285399801,28.9964135936164,0.55865806
-81.7602669002908,29.3530181347526,0.258169
-81.7616491090191,30.5917236820185,0.5303224
-81.7627775763889,27.7525926014075,0.41399902
-81.764728426411,28.7451672722256,0.2511553
-81.7675070421078,29.0276757770314,0.56145453
-81.7676962134934,29.1160357450175,0.41184762
-81.7742623538412,29.0718206488979,0.43811464
-81.7795716913325,29.2728682458215,0.4185297
-81.7827600357065,28.9269722852842,0.43673298
-81.7829229095513,28.4959514377361,0.3923528
-81.7893129475759,30.1612129174616,0.29665348
-81.7899786829532,27.6014116582447,0.5321736
-81.7917743878697,30.3659870502027,0.27772248
-81.7954640073854,29.3064731344946,0.34998506
-81.8024596475438,28.686477961652,0.40516442
-81.8028469556871,30.0458456364251,0.49031025
-81.8032911055348,30.1348532529731,0.50839484
-81.805127842015,30.3773123264156,0.21886487
-81.8057923644638,29.0923224065326,0.66682786
-81.8063034263908,29.9450170742455,0.51464736
-81.8067832710897,27.9388586133378,0.41267067
-81.809322562895,29.2683457544289,0.4937459
-81.8099193990251,30.8728757753896,0.110213265
-81.8126170125635,29.1882364565739,0.6430783
-81.8127654906051,30.2395607922336,0.2850956
-81.8153636733697,28.4796098771325,0.38428578
-81.8162195918874,30.0147672402323,0.50679445
-81.8171071031361,28.5996556651338,0.5243884
-81.8181229681599,28.7916065389145,0.4002413
-81.822349907191,29.9652756039249,0.6215037
-81.8243177400947,29.0673077061839,0.6192049
-81.8258696821143,30.3058801770466,0.23096587
-81.8295932841116,29.8654325990701,0.27006814
-81.8356622236521,27.9482597026705,0.4012278
-81.8358676515592,27.832455416913,0.40152013
-81.8362190489998,28.5111379337114,0.51832205
-81.836624832932,30.7463385578911,0.12082288
-81.8377801117262,29.1378100992426,0.4983077
-81.8392494067205,29.7839980716842,0.59687173
-81.8398201575507,28.7604439619932,0.36088556
-81.8404396153883,27.7311408380935,0.24076141
-81.8434254668858,27.7669752211265,0.4159318
-81.8435587936439,30.1694016100707,0.64203686
-81.8445419516721,30.4317444329453,0.4104952
-81.8453868519523,30.1643755913509,0.52376163
-81.8457298202742,30.3605571660321,0.1068064
-81.8464413134209,28.9573485819532,0.46682537
-81.8478735432602,29.6586432434387,0.48032454
-81.8478890530928,28.289955476397,0.58836144
-81.8523230795758,28.0388561039711,0.42004257
-81.8620061676092,29.3636795165998,0.31768438
-81.8661012840922,28.3596422892039,0.51605576
-81.866706721394,28.4344858341885,0.5379839
-81.8669971567214,28.3104307505443,0.5792738
-81.8684366061261,30.461841030245,0.039283603
-81.8687009360598,28.7361989991354,0.5408711
-81.8697538824865,28.8519349512068,0.26160872
-81.8728012156321,30.9117980986482,0.106159896
-81.8768119869275,27.6114406107768,0.5213224
-81.8768261612279,30.1599026488189,0.6876384
-81.8787570425536,27.3472289798166,0.5656085
-81.8829524841423,30.5257850473587,0.12972361
-81.8851272947668,28.4551133946626,0.6019418
-81.8872625188555,29.6289813934737,0.6653176
-81.8877940749006,27.5472948253409,0.5275804
-81.8887018714017,30.6881460617703,0.11794057
-81.8908339247497,28.735112864981,0.6034966
-81.8909907569506,29.6681619619606,0.66999274
-81.8948438543027,28.8271324034061,0.5555533
-81.8978658743474,27.9041264630537,0.21072091
-81.903437807033,28.9468161928137,0.6624253
-81.9045140927359,30.2353886564098,0.57173234
-81.91142306954,29.5188072958118,0.596289
-81.9125187693974,28.8768451836607,0.6100764
-81.9149856491489,29.4288015062264,0.6762839
-81.921288420063,29.2112674506531,0.6898963
-81.9296257677528,27.7417160628205,0.29297358
-81.9309461509617,27.9477844071915,0.37564066
-81.9315013221807,27.9723304084936,0.36565492
-81.93395256565,27.2398379207734,0.44045678
-81.9345689297469,29.8096923745763,0.67433536
-81.9425416919408,28.2434715845824,0.5877646
-81.9438129359687,30.05564940271,0.6039019
-81.9466454333001,30.2500644071144,0.5558396
-81.9502816270594,28.5890816669467,0.6043169
-81.9507025568592,29.4643303791094,0.66738814
-81.952883624744,28.524951422743,0.5997255
-81.9602665913341,29.8401924557351,0.60659456
-81.9926674394233,30.0495844705281,0.5548314
-81.996736022185,29.7395630895902,0.6657162
-81.9974281429349,28.9120870021718,0.47182867
-82.0070784855904,30.6024160607633,0.12061989
-82.0092673698109,29.5836819650024,0.67775226
-82.0336214407785,29.8136755509946,0.6850456
-82.0341083131311,27.3520050686975,0.55953634
-82.0392649661454,27.8188689766461,0.3860302
-82.0402580080527,28.1883814592783,0.5748666
-82.0440877627534,28.0142868534269,0.55315495
-82.0465451903289,30.1304270228828,0.0912342
-82.0492709585157,27.7366687304967,0.4196502
-82.0569381065483,28.7660929368117,0.60968083
-82.0589637820794,29.2171289891615,0.6861319
-82.0650355557108,29.1274240014415,0.68399024
-82.0666885751764,27.5670195640729,0.53102016
-82.0700239502881,29.1783566721142,0.6972482
-82.083610835265,30.4963029953034,0.05434712
-82.084044739074,28.5458898193258,0.6049673
-82.0844436308287,30.0743059571682,0.14397562
-82.0907461583408,28.2590995573332,0.45330244
-82.1014082968662,29.6344725631401,0.6786734
-82.1040735877031,28.1333545323378,0.57921255
-82.1063740934404,30.3254184780922,0.08036334
-82.118149674031,27.2757688562375,0.4297887
-82.1261513079713,30.3405568444122,0.129081
-82.1261988002449,28.4336624682591,0.59028643
-82.140309662917,28.6157077980189,0.6050268
-82.1423057658516,27.3368581622055,0.38085532
-82.1489332304722,27.2358875218757,0.3709392
-82.1694855388316,27.3014288466818,0.43228716
-82.170122821293,27.7616315987545,0.3936537
-82.1749876339045,28.6351992229553,0.6198137
-82.1813459256687,30.3602042286711,0.12835823
-82.1819599953035,30.2464046537305,0.13112585
-82.1820871359148,28.8771418768834,0.6354763
-82.1834239108863,29.7238356909135,0.53098214
-82.1886774513944,28.8252702726133,0.63448566
-82.1971385768077,29.5879572423486,0.6719878
-82.2041990725693,29.472083385524,0.492312
-82.205765622633,28.3286107198915,0.3553183
-82.2117247372476,29.6748806498851,0.48640835
-82.2118605560308,27.542255756035,0.34335268
-82.2205564753583,29.6231455426468,0.5307053
-82.2433520304901,27.6079581894844,0.52601147
-82.2517487082988,28.2182253811852,0.59084797
-82.2576463028828,28.3447663068163,0.37227157
-82.2617803725544,27.7271956551276,0.54509413
-82.2637433733673,28.4547528334861,0.35937726
-82.273484828979,29.4240035148813,0.4775235
-82.2737524669349,27.2654675410077,0.3681442
-82.2966827721889,28.3949132009015,0.48444676
-82.3073134918419,27.7414836954802,0.6159676
-82.309096917948,28.2600301348158,0.47763863
-82.3125865162832,27.4151973425245,0.22597334
-82.3196470084342,30.2005499208727,0.124048084
-82.3223510731851,27.2862028913738,0.21667628
-82.3239150982573,30.3973098290654,0.1083043
-82.328995467627,29.8182236154834,0.48888245
-82.3311904409004,30.2252218563251,0.119380854
-82.3339680687821,29.5585978991315,0.65941745
-82.3384950782017,29.9340919224088,0.49204066
-82.3388884954917,29.7387245869768,0.523779
-82.3572134329169,27.2869064104506,0.21848774
-82.3610320375144,30.3212063917173,0.10613857
-82.365293676125,28.2435709058728,0.5940392
-82.3757724211777,28.7897340127198,0.62573886
-82.3779682691598,28.9016542414542,0.6218575
-82.39621544267,27.8277782052113,0.43399847
-82.4108052769024,27.837217792983,0.49408105
-82.4254315836008,27.7232306993548,0.61552906
-82.4315218221892,27.9874894918558,0.55842566
-82.431753282336,28.1079043723167,0.5347221
-82.4330865589435,27.9492926496385,0.5430129
-82.4334057856419,28.7463544224288,0.6416862
-82.4441306153687,27.7869121696729,0.49043968
-82.4493723180315,28.294491115048,0.5808588
-82.45105351585,28.6213472893129,0.6212368
-82.4628205591609,30.0953840604113,0.11505761
-82.4636252732302,27.7069932461668,0.53985035
-82.4688284268571,28.9870399516756,0.62543476
-82.4692694700915,29.1258109607046,0.48165572
-82.4764550937866,27.8172368039747,0.45779338
-82.5118281844468,28.9723840539069,0.41895074
-82.5150548965416,27.3461022097454,0.24195527
-82.5158943447268,28.1230776339009,0.53732955
-82.5167564473506,30.201734688367,0.089927934
-82.518282000387,29.7045903873395,0.65588284
-82.5231317438955,28.5762046982416,0.635981
-82.5260595899744,29.44755392764,0.6773213
-82.5263090903611,29.2285182465248,0.60269755
-82.530704710741,27.4376027380116,0.23144947
-82.5344963426928,27.7068847906413,0.47967577
-82.5415264679139,28.6010257972453,0.63934714
-82.5446071136167,27.4809352054825,0.20088685
-82.5545190069805,30.2002118381331,0.04299084
-82.558986307403,27.9376044645727,0.29184884
-82.5671372044564,28.9374287999696,0.6357485
-82.5726032059414,29.6485896953806,0.6542444
-82.5773892356618,29.9936944184933,0.12038641
-82.5775820828806,27.5815472316,0.37736416
-82.5806518365601,27.4253824174999,0.23305988
-82.588364123928,27.556218013764,0.37243715
-82.5967459082976,27.4967993064402,0.22596748
-82.5978219194375,29.6492475563039,0.646062
-82.6217607218011,27.3466367813128,0.19882551
-82.6264251415752,27.7579706253174,0.25388148
-82.6270216101296,27.5769146100325,0.25961947
-82.6356371619807,30.2213741600756,0.08444689
-82.6433257571747,29.8148854624996,0.62258935
-82.6557351437618,29.5484962671711,0.6612289
-82.6592553578448,28.1178755212884,0.5319924
-82.6606269565694,27.7422748822194,0.35924602
-82.6613265680725,27.8634180160442,0.3980074
-82.6668377454698,29.7783752351721,0.6211443
-82.6718711001079,28.2246450196398,0.52107227
-82.6798106192881,27.9320317838978,0.39118052
-82.6847174406818,29.6224476876668,0.5256445
-82.6901215432581,30.2361616004704,0.0559
-82.7036562465681,28.7664125704359,0.61690986
-82.7043837894115,27.766592857042,0.21786465
-82.7078324713299,28.6413093817487,0.5443238
-82.7156228646785,28.2183829775064,0.52018636
-82.7262530264142,27.9731946533141,0.2821884
-82.7317234612534,29.3576663741825,0.5927777
-82.7330974950969,28.3555718343012,0.52430016
-82.7358149364396,27.6715210624601,0.4346612
-82.74161569659,27.537050499415,0.23166475
-82.7634894748727,27.7229949830112,0.30504954
-82.7670029338243,28.2543593870395,0.47507527
-82.7757170801229,28.0744934248006,0.3863229
-82.7933509726804,27.9019359852014,0.29958582
-82.8098819195993,29.6684199534617,0.4485332
-82.8193490665804,30.2308076632651,0.042585723
-82.8266927742579,29.9650391120038,0.26860097
-82.8324895054421,27.8325277395273,0.3065776
-82.8454347150265,29.547893359712,0.4182704
-82.8517489817201,27.9528587488659,0.28391916
-82.8605015158332,30.1240334603072,0.10022913
-82.8696249534546,30.0790910954773,0.0946175
-82.8929915594895,29.7540426191469,0.39557588
-82.9149406846213,30.2063108499833,0.03987913
-82.9204664700627,30.1004189577255,0.04737737
-82.9257811849249,29.9501902175678,0.54885304
-82.9257905070407,29.7628338069926,0.6028836
-82.9289216511612,30.1254649948214,0.04858851
-82.9294876337928,29.251635067461,0.6176319
-82.9333370279967,29.728534215903,0.64385456
-83.0027097092157,29.8540794652934,0.36968082
-83.0192219974605,30.1155303912567,0.043201372
-83.0421287295336,29.2483503017271,0.61541474
-83.0664478232187,30.0349801110659,0.08260822
-83.0747648179179,29.3777156511511,0.5843229
-83.0764965782815,29.63329358643,0.41479144
-83.0924667679804,29.9758119815812,0.060306255
-83.0937584200998,29.0959231781424,0.39612192
-83.1002646556928,29.2131189477592,0.5939075
-83.1029725755514,29.5184421936733,0.37854528
-83.1219458299233,30.0055537341707,0.057824835
-83.1558579269236,29.5741305483042,0.36671376
-83.1771961073224,29.6027818631678,0.34965667
-83.1994454728553,29.2713986639647,0.6043382
-83.251243756703,30.0237116666253,0.060841464
-83.2975252970108,29.4430509125385,0.6019976
-83.3106925732774,29.7199992187443,0.32379493
-83.3400918550169,29.9639270344091,0.44540685
-83.3432186922329,29.662629734757,0.33941185
-83.3841170338864,29.693625115228,0.34753925
-83.4478765656949,30.1606524444934,0.076653875
-83.5036014201531,30.1309836756956,0.058401953
-83.55825002368,29.9891209155411,0.3498683
-83.5995975157145,29.9344983370469,0.43800914
-83.6237681823775,29.8694095671943,0.3681442
-83.6385495630682,30.0995823243289,0.06507
-83.697055784898,30.1304964405024,0.061050467
-83.7836939162657,30.0601083489431,0.2770434
-83.7838226231739,30.1056521186082,0.05257446
-83.7865287773673,29.9286183231477,0.36599666
-83.7979649044831,30.1146491758935,0.05226832
-83.8069832706993,30.1402673801706,0.050492488
-83.8194155262419,30.0346208646071,0.32714373
-83.894907499111,30.0751788710557,0.05393542
